Date,Open,High,Low,Close,Volume,Dividends,Stock Splits,Ticker,Daily_Return_%,Price_Range
2025-04-29,207.78,211.32,207.47,210.29,36827600,0.0,0.0,AAPL,1.21,3.85
2025-04-30,208.39,212.65,205.77,211.58,52286500,0.0,0.0,AAPL,1.53,6.88
2025-05-01,208.17,213.63,207.99,212.39,57365700,0.0,0.0,AAPL,2.03,5.64
2025-05-02,205.2,206.09,201.28,204.46,101010600,0.0,0.0,AAPL,-0.36,4.81
2025-05-05,202.22,203.21,197.35,198.03,69018500,0.0,0.0,AAPL,-2.07,5.86
2025-05-06,197.35,199.78,196.17,197.65,51216500,0.0,0.0,AAPL,0.15,3.61
2025-05-07,198.31,198.57,192.41,195.4,68536700,0.0,0.0,AAPL,-1.47,6.16
2025-05-08,196.86,199.18,193.84,196.63,50478900,0.0,0.0,AAPL,-0.12,5.34
2025-05-09,198.14,199.67,196.68,197.67,36453900,0.0,0.0,AAPL,-0.24,2.99
2025-05-12,210.33,210.63,206.12,210.15,63775800,0.26,0.0,AAPL,-0.09,4.51
2025-05-13,209.79,212.75,208.37,212.28,51909300,0.0,0.0,AAPL,1.19,4.38
2025-05-14,211.79,213.29,209.94,211.69,49325800,0.0,0.0,AAPL,-0.05,3.35
2025-05-15,210.31,212.31,208.9,210.81,45029500,0.0,0.0,AAPL,0.24,3.41
2025-05-16,211.72,211.93,209.13,210.62,54737900,0.0,0.0,AAPL,-0.52,2.8
2025-05-19,207.28,208.84,203.64,208.15,46140500,0.0,0.0,AAPL,0.42,5.2
2025-05-20,207.04,207.84,204.41,206.23,42496600,0.0,0.0,AAPL,-0.39,3.43
2025-05-21,204.55,206.41,200.1,201.48,59211800,0.0,0.0,AAPL,-1.5,6.31
2025-05-22,200.1,202.13,199.09,200.75,46742400,0.0,0.0,AAPL,0.32,3.04
2025-05-23,193.08,197.1,192.87,194.68,78432900,0.0,0.0,AAPL,0.83,4.23
2025-05-27,197.7,200.13,196.83,199.6,56288500,0.0,0.0,AAPL,0.96,3.3
2025-05-28,199.98,202.11,199.29,199.81,45339700,0.0,0.0,AAPL,-0.09,2.82
2025-05-29,202.96,203.19,197.91,199.34,51396800,0.0,0.0,AAPL,-1.78,5.28
2025-05-30,198.77,201.35,196.18,200.24,70819900,0.0,0.0,AAPL,0.74,5.17
2025-06-02,199.67,201.52,199.51,201.09,35423300,0.0,0.0,AAPL,0.71,2.01
2025-06-03,200.74,203.15,200.35,202.65,46381600,0.0,0.0,AAPL,0.95,2.8
2025-06-04,202.29,205.61,201.49,202.2,43604000,0.0,0.0,AAPL,-0.04,4.12
2025-06-05,202.88,204.13,199.54,200.02,55126100,0.0,0.0,AAPL,-1.41,4.59
2025-06-06,202.38,205.08,201.44,203.3,46607700,0.0,0.0,AAPL,0.45,3.64
2025-06-09,203.77,205.38,199.41,200.84,72862600,0.0,0.0,AAPL,-1.44,5.97
2025-06-10,199.99,203.73,199.96,202.06,54672600,0.0,0.0,AAPL,1.04,3.77
2025-06-11,202.88,203.88,197.81,198.18,60989900,0.0,0.0,AAPL,-2.32,6.07
2025-06-12,198.48,199.07,196.76,198.6,43904600,0.0,0.0,AAPL,0.06,2.31
2025-06-13,199.12,199.76,195.11,195.85,51447300,0.0,0.0,AAPL,-1.64,4.65
2025-06-16,196.7,198.09,195.96,197.82,43020700,0.0,0.0,AAPL,0.57,2.13
2025-06-17,196.6,197.79,194.62,195.05,38856200,0.0,0.0,AAPL,-0.79,3.17
2025-06-18,195.35,196.97,194.48,195.98,45394700,0.0,0.0,AAPL,0.32,2.49
2025-06-20,197.64,201.09,196.26,200.39,96813500,0.0,0.0,AAPL,1.39,4.83
2025-06-23,201.02,201.69,198.36,200.89,55814300,0.0,0.0,AAPL,-0.06,3.33
2025-06-24,201.98,202.82,199.59,199.69,54064000,0.0,0.0,AAPL,-1.13,3.23
2025-06-25,200.84,203.05,200.01,200.95,39525700,0.0,0.0,AAPL,0.05,3.04
2025-06-26,200.82,202.03,198.85,200.39,50799100,0.0,0.0,AAPL,-0.21,3.18
2025-06-27,201.28,202.6,199.39,200.47,73188600,0.0,0.0,AAPL,-0.4,3.21
2025-06-30,201.4,206.76,198.66,204.55,91912800,0.0,0.0,AAPL,1.56,8.1
2025-07-01,206.04,209.55,205.51,207.19,78788900,0.0,0.0,AAPL,0.56,4.04
2025-07-02,208.28,212.69,207.51,211.8,67941800,0.0,0.0,AAPL,1.69,5.18
2025-07-03,211.51,214.0,211.17,212.9,34955800,0.0,0.0,AAPL,0.66,2.83
2025-07-07,212.03,215.57,208.17,209.31,50229000,0.0,0.0,AAPL,-1.28,7.4
2025-07-08,209.46,210.79,207.82,209.37,42848900,0.0,0.0,AAPL,-0.04,2.97
2025-07-09,208.89,210.69,206.59,210.5,48749400,0.0,0.0,AAPL,0.77,4.1
2025-07-10,209.87,212.83,209.39,211.77,44443600,0.0,0.0,AAPL,0.91,3.44
2025-07-11,209.93,211.49,209.22,210.52,39765800,0.0,0.0,AAPL,0.28,2.27
2025-07-14,209.29,210.27,206.91,207.99,38840100,0.0,0.0,AAPL,-0.62,3.36
2025-07-15,208.59,211.25,208.29,208.48,42296300,0.0,0.0,AAPL,-0.05,2.96
2025-07-16,209.66,211.76,208.01,209.52,47490500,0.0,0.0,AAPL,-0.07,3.75
2025-07-17,209.93,211.16,208.95,209.38,48068100,0.0,0.0,AAPL,-0.26,2.21
2025-07-18,210.23,211.15,209.06,210.54,48974600,0.0,0.0,AAPL,0.15,2.09
2025-07-21,211.46,215.13,210.99,211.84,51377400,0.0,0.0,AAPL,0.18,4.14
2025-07-22,212.49,214.3,211.59,213.75,46404100,0.0,0.0,AAPL,0.59,2.71
2025-07-23,214.35,214.5,211.77,213.5,46989300,0.0,0.0,AAPL,-0.4,2.73
2025-07-24,213.25,215.04,212.88,213.11,46022600,0.0,0.0,AAPL,-0.07,2.16
2025-07-25,214.05,214.59,212.75,213.23,40268800,0.0,0.0,AAPL,-0.38,1.84
2025-07-28,213.38,214.2,212.41,213.4,37858000,0.0,0.0,AAPL,0.01,1.79
2025-07-29,213.53,214.16,210.18,210.63,51411700,0.0,0.0,AAPL,-1.36,3.98
2025-07-30,211.26,211.75,207.09,208.42,45512500,0.0,0.0,AAPL,-1.34,4.66
2025-07-31,207.86,209.2,206.53,206.94,80698400,0.0,0.0,AAPL,-0.44,2.67
2025-08-01,210.23,212.93,200.89,201.77,104434500,0.0,0.0,AAPL,-4.02,12.04
2025-08-04,203.89,207.25,201.07,202.73,75109300,0.0,0.0,AAPL,-0.57,6.18
2025-08-05,202.78,204.72,201.55,202.3,44155100,0.0,0.0,AAPL,-0.24,3.17
2025-08-06,205.01,214.73,204.97,212.6,108483100,0.0,0.0,AAPL,3.7,9.76
2025-08-07,218.22,220.18,215.92,219.36,90224800,0.0,0.0,AAPL,0.52,4.26
2025-08-08,220.16,230.3,218.58,228.65,113854000,0.0,0.0,AAPL,3.86,11.72
2025-08-11,227.49,229.12,224.33,226.75,61806100,0.26,0.0,AAPL,-0.33,4.79
2025-08-12,227.58,230.36,226.64,229.21,55626200,0.0,0.0,AAPL,0.72,3.72
2025-08-13,230.63,234.55,229.99,232.89,69878500,0.0,0.0,AAPL,0.98,4.56
2025-08-14,233.61,234.67,230.41,232.34,51916300,0.0,0.0,AAPL,-0.54,4.26
2025-08-15,233.55,233.83,228.9,231.15,56038700,0.0,0.0,AAPL,-1.03,4.93
2025-08-18,231.26,232.68,229.67,230.45,37476200,0.0,0.0,AAPL,-0.35,3.01
2025-08-19,230.84,232.43,228.91,230.12,39402600,0.0,0.0,AAPL,-0.31,3.52
2025-08-20,229.54,230.03,225.34,225.58,42263900,0.0,0.0,AAPL,-1.73,4.69
2025-08-21,225.84,226.09,223.35,224.47,30621200,0.0,0.0,AAPL,-0.61,2.74
2025-08-22,225.74,228.65,224.98,227.33,42477800,0.0,0.0,AAPL,0.7,3.67
2025-08-25,226.05,228.86,225.8,226.73,30983100,0.0,0.0,AAPL,0.3,3.06
2025-08-26,226.44,229.05,224.26,228.87,54575100,0.0,0.0,AAPL,1.07,4.79
2025-08-27,228.18,230.46,227.83,230.05,31259500,0.0,0.0,AAPL,0.82,2.63
2025-08-28,230.38,232.97,228.9,232.12,38074700,0.0,0.0,AAPL,0.76,4.07
2025-08-29,232.07,232.94,230.93,231.7,39418400,0.0,0.0,AAPL,-0.16,2.01
2025-09-02,228.81,230.41,226.54,229.28,44075600,0.0,0.0,AAPL,0.21,3.87
2025-09-03,236.76,238.4,233.91,238.02,66427800,0.0,0.0,AAPL,0.53,4.49
2025-09-04,238.0,239.44,236.29,239.32,47549400,0.0,0.0,AAPL,0.55,3.15
2025-09-05,239.54,240.86,238.04,239.23,54870400,0.0,0.0,AAPL,-0.13,2.82
2025-09-08,238.84,239.69,235.89,237.43,48999500,0.0,0.0,AAPL,-0.59,3.8
2025-09-09,236.55,238.33,232.92,233.9,66313900,0.0,0.0,AAPL,-1.12,5.41
2025-09-10,231.75,231.98,225.52,226.36,83440800,0.0,0.0,AAPL,-2.33,6.46
2025-09-11,226.45,230.01,226.22,229.59,50208600,0.0,0.0,AAPL,1.39,3.79
2025-09-12,228.78,234.06,228.58,233.62,55824200,0.0,0.0,AAPL,2.12,5.48
2025-09-15,236.55,237.74,234.58,236.25,42699500,0.0,0.0,AAPL,-0.13,3.16
2025-09-16,236.73,240.76,235.87,237.7,63421100,0.0,0.0,AAPL,0.41,4.89
2025-09-17,238.52,239.64,237.28,238.54,46508000,0.0,0.0,AAPL,0.01,2.36
2025-09-18,239.51,240.74,236.2,237.43,44249600,0.0,0.0,AAPL,-0.87,4.54
2025-09-19,240.77,245.83,239.75,245.03,163741300,0.0,0.0,AAPL,1.77,6.08
2025-09-22,247.83,256.15,247.65,255.59,105517400,0.0,0.0,AAPL,3.13,8.5
2025-09-23,255.39,256.85,253.1,253.95,60275200,0.0,0.0,AAPL,-0.56,3.75
2025-09-24,254.73,255.25,250.56,251.83,42303700,0.0,0.0,AAPL,-1.14,4.69
2025-09-25,252.73,256.68,251.23,256.38,55202100,0.0,0.0,AAPL,1.44,5.45
2025-09-26,253.62,257.11,253.3,254.97,46076300,0.0,0.0,AAPL,0.53,3.81
2025-09-29,254.08,254.51,252.53,253.95,40127700,0.0,0.0,AAPL,-0.05,1.98
2025-09-30,254.38,255.43,252.63,254.15,37704300,0.0,0.0,AAPL,-0.09,2.8
2025-10-01,254.55,258.3,254.45,254.96,48713900,0.0,0.0,AAPL,0.16,3.85
2025-10-02,256.09,257.69,253.67,256.64,42630200,0.0,0.0,AAPL,0.21,4.02
2025-10-03,254.19,258.75,253.47,257.53,49155600,0.0,0.0,AAPL,1.31,5.28
2025-10-06,257.5,258.58,254.56,256.2,44664100,0.0,0.0,AAPL,-0.5,4.02
2025-10-07,256.32,256.91,254.94,255.99,31955800,0.0,0.0,AAPL,-0.13,1.97
2025-10-08,256.03,258.03,255.62,257.57,36496900,0.0,0.0,AAPL,0.6,2.41
2025-10-09,257.32,257.51,252.66,253.56,38322000,0.0,0.0,AAPL,-1.46,4.85
2025-10-10,254.46,255.89,243.54,244.8,61999100,0.0,0.0,AAPL,-3.8,12.35
2025-10-13,248.91,249.21,245.09,247.19,38142900,0.0,0.0,AAPL,-0.69,4.12
2025-10-14,246.13,248.38,244.23,247.3,35478000,0.0,0.0,AAPL,0.48,4.15
2025-10-15,249.02,251.34,247.0,248.87,33893600,0.0,0.0,AAPL,-0.06,4.34
2025-10-16,247.78,248.57,244.66,246.98,39777000,0.0,0.0,AAPL,-0.32,3.91
2025-10-17,247.55,252.9,246.8,251.81,49147000,0.0,0.0,AAPL,1.72,6.1
2025-10-20,255.4,263.88,255.14,261.74,90483000,0.0,0.0,AAPL,2.48,8.74
2025-10-21,261.38,264.79,261.33,262.27,46695900,0.0,0.0,AAPL,0.34,3.46
2025-10-22,262.15,262.35,254.94,257.96,45015300,0.0,0.0,AAPL,-1.6,7.41
2025-10-23,259.45,260.12,257.52,259.09,32754900,0.0,0.0,AAPL,-0.14,2.6
2025-10-24,260.69,263.63,258.69,262.32,38253700,0.0,0.0,AAPL,0.63,4.94
2025-10-27,264.38,268.61,264.15,268.3,44888200,0.0,0.0,AAPL,1.48,4.46
2025-10-28,268.48,269.38,267.64,268.49,41534800,0.0,0.0,AAPL,0.0,1.74
2025-10-29,268.77,270.89,266.6,269.19,51086700,0.0,0.0,AAPL,0.16,4.29
2025-10-30,271.47,273.62,267.97,270.88,69886500,0.0,0.0,AAPL,-0.22,5.65
2025-10-31,276.46,276.79,268.65,269.86,86167100,0.0,0.0,AAPL,-2.39,8.14
2025-11-03,269.91,270.33,265.74,268.54,50194600,0.0,0.0,AAPL,-0.51,4.59
2025-11-04,267.82,270.97,267.11,269.53,49274800,0.0,0.0,AAPL,0.64,3.86
2025-11-05,268.1,271.18,266.42,269.63,43683100,0.0,0.0,AAPL,0.57,4.76
2025-11-06,267.38,272.88,267.38,269.26,51204000,0.0,0.0,AAPL,0.7,5.5
2025-11-07,269.29,271.77,266.26,267.96,48227400,0.0,0.0,AAPL,-0.49,5.51
2025-11-10,268.71,273.47,267.21,269.18,41312400,0.26,0.0,AAPL,0.17,6.26
2025-11-11,269.56,275.65,269.55,274.99,46208300,0.0,0.0,AAPL,2.01,6.1
2025-11-12,274.74,275.47,271.45,273.21,48398000,0.0,0.0,AAPL,-0.56,4.02
2025-11-13,273.85,276.44,271.84,272.69,49602800,0.0,0.0,AAPL,-0.42,4.6
2025-11-14,270.8,275.7,269.35,272.16,47431300,0.0,0.0,AAPL,0.5,6.35
2025-11-17,268.57,270.24,265.48,267.21,45018300,0.0,0.0,AAPL,-0.51,4.76
2025-11-18,269.74,270.46,265.07,267.19,45677300,0.0,0.0,AAPL,-0.95,5.39
2025-11-19,265.28,271.96,265.25,268.31,40424500,0.0,0.0,AAPL,1.14,6.71
2025-11-20,270.58,275.17,265.67,266.0,45823600,0.0,0.0,AAPL,-1.69,9.5
2025-11-21,265.7,273.07,265.42,271.24,59030800,0.0,0.0,AAPL,2.09,7.65
2025-11-24,270.65,276.74,270.65,275.66,65585800,0.0,0.0,AAPL,1.85,6.09
2025-11-25,275.01,280.12,274.99,276.71,46914200,0.0,0.0,AAPL,0.62,5.13
2025-11-26,276.7,279.27,276.37,277.29,33431400,0.0,0.0,AAPL,0.21,2.9
2025-11-28,277.0,278.74,275.73,278.59,20135600,0.0,0.0,AAPL,0.57,3.01
2025-12-01,277.75,283.16,275.88,282.84,46587700,0.0,0.0,AAPL,1.83,7.28
2025-12-02,282.74,287.13,282.37,285.92,53669500,0.0,0.0,AAPL,1.12,4.76
2025-12-03,285.93,288.35,283.04,283.88,43538700,0.0,0.0,AAPL,-0.72,5.31
2025-12-04,283.83,284.46,278.33,280.44,43989100,0.0,0.0,AAPL,-1.19,6.13
2025-12-05,280.28,280.88,277.79,278.52,47265800,0.0,0.0,AAPL,-0.63,3.09
2025-12-08,277.87,279.41,275.89,277.63,38211800,0.0,0.0,AAPL,-0.09,3.52
2025-12-09,277.9,279.77,276.66,276.92,32193300,0.0,0.0,AAPL,-0.35,3.11
2025-12-10,277.49,279.49,276.18,278.52,33038300,0.0,0.0,AAPL,0.37,3.31
2025-12-11,278.84,279.33,273.55,277.77,33248000,0.0,0.0,AAPL,-0.38,5.78
2025-12-12,277.64,278.96,276.56,278.02,39532900,0.0,0.0,AAPL,0.14,2.4
2025-12-15,279.89,279.89,272.58,273.85,50409100,0.0,0.0,AAPL,-2.16,7.31
2025-12-16,272.56,275.24,271.54,274.35,37648600,0.0,0.0,AAPL,0.66,3.7
2025-12-17,274.75,275.9,271.39,271.59,50138700,0.0,0.0,AAPL,-1.15,4.51
2025-12-18,273.35,273.37,266.7,271.94,51630700,0.0,0.0,AAPL,-0.52,6.67
2025-12-19,271.9,274.34,269.65,273.41,144632000,0.0,0.0,AAPL,0.56,4.69
2025-12-22,272.6,273.62,270.26,270.72,36571800,0.0,0.0,AAPL,-0.69,3.36
2025-12-23,270.59,272.25,269.31,272.11,29642000,0.0,0.0,AAPL,0.56,2.94
2025-12-24,272.09,275.17,271.95,273.55,17910600,0.0,0.0,AAPL,0.54,3.22
2025-12-26,273.9,275.11,272.6,273.14,21521800,0.0,0.0,AAPL,-0.28,2.51
2025-12-29,272.44,274.1,272.1,273.5,23715200,0.0,0.0,AAPL,0.39,2.0
2025-12-30,272.55,273.82,272.03,272.82,22139600,0.0,0.0,AAPL,0.1,1.79
2025-12-31,272.8,273.42,271.5,271.61,27293600,0.0,0.0,AAPL,-0.44,1.92
2026-01-02,272.01,277.58,268.75,270.76,37838100,0.0,0.0,AAPL,-0.46,8.83
2026-01-05,270.39,271.26,265.89,267.01,45647200,0.0,0.0,AAPL,-1.25,5.37
2026-01-06,266.75,267.3,261.87,262.11,52352100,0.0,0.0,AAPL,-1.74,5.43
2026-01-07,262.95,263.43,259.57,260.09,48309800,0.0,0.0,AAPL,-1.09,3.86
2026-01-08,256.78,259.05,255.46,258.8,50419300,0.0,0.0,AAPL,0.79,3.59
2026-01-09,258.84,259.97,255.98,259.13,39997000,0.0,0.0,AAPL,0.11,3.99
2026-01-12,258.92,261.06,256.56,260.01,45263800,0.0,0.0,AAPL,0.42,4.5
2026-01-13,258.48,261.57,258.15,260.81,45730800,0.0,0.0,AAPL,0.9,3.42
2026-01-14,259.25,261.58,256.47,259.72,40019400,0.0,0.0,AAPL,0.18,5.11
2026-01-15,260.41,260.8,256.81,257.97,39388600,0.0,0.0,AAPL,-0.94,3.99
2026-01-16,257.66,258.66,254.69,255.29,72142800,0.0,0.0,AAPL,-0.92,3.97
2026-01-20,252.49,254.55,243.19,246.47,80267500,0.0,0.0,AAPL,-2.38,11.36
2026-01-21,248.47,251.32,244.95,247.42,54641700,0.0,0.0,AAPL,-0.42,6.37
2026-01-22,248.97,250.77,247.92,248.12,39708300,0.0,0.0,AAPL,-0.34,2.85
2026-01-23,247.09,249.18,244.45,247.81,41689000,0.0,0.0,AAPL,0.29,4.73
2026-01-26,251.24,256.32,249.57,255.17,55969200,0.0,0.0,AAPL,1.56,6.75
2026-01-27,258.93,261.71,257.97,258.03,49648300,0.0,0.0,AAPL,-0.35,3.74
2026-01-28,257.41,258.62,254.27,256.2,41288000,0.0,0.0,AAPL,-0.47,4.35
2026-01-29,257.76,259.41,254.17,258.04,67253000,0.0,0.0,AAPL,0.11,5.24
2026-01-30,254.93,261.66,251.94,259.24,92443400,0.0,0.0,AAPL,1.69,9.72
2026-02-02,259.79,270.24,258.97,269.76,73913400,0.0,0.0,AAPL,3.84,11.27
2026-02-03,268.95,271.63,267.36,269.23,64394700,0.0,0.0,AAPL,0.1,4.27
2026-02-04,272.04,278.69,272.04,276.23,90545700,0.0,0.0,AAPL,1.54,6.65
2026-02-05,277.87,279.24,272.97,275.65,52977400,0.0,0.0,AAPL,-0.8,6.27
2026-02-06,276.86,280.65,276.67,277.86,50453400,0.0,0.0,AAPL,0.36,3.98
2026-02-09,277.91,278.2,271.7,274.62,44623400,0.26,0.0,AAPL,-1.18,6.5
2026-02-10,274.89,275.37,272.94,273.68,34376900,0.0,0.0,AAPL,-0.44,2.43
2026-02-11,274.7,280.18,274.45,275.5,51931300,0.0,0.0,AAPL,0.29,5.73
2026-02-12,275.59,275.72,260.18,261.73,81077200,0.0,0.0,AAPL,-5.03,15.54
2026-02-13,262.01,262.23,255.45,255.78,56290700,0.0,0.0,AAPL,-2.38,6.78
2026-02-17,258.05,266.29,255.54,263.88,58469100,0.0,0.0,AAPL,2.26,10.75
2026-02-18,263.6,266.82,262.45,264.35,34203300,0.0,0.0,AAPL,0.28,4.37
2026-02-19,262.6,264.48,260.05,260.58,30845300,0.0,0.0,AAPL,-0.77,4.43
2026-02-20,258.97,264.75,258.16,264.58,42070500,0.0,0.0,AAPL,2.17,6.59
2026-02-23,263.49,269.43,263.38,266.18,37308200,0.0,0.0,AAPL,1.02,6.05
2026-02-24,267.86,274.89,267.71,272.14,47014600,0.0,0.0,AAPL,1.6,7.18
2026-02-25,271.78,274.94,271.05,274.23,33714300,0.0,0.0,AAPL,0.9,3.89
2026-02-26,274.95,276.11,270.8,272.95,32345100,0.0,0.0,AAPL,-0.73,5.31
2026-02-27,272.81,272.81,262.89,264.18,72366500,0.0,0.0,AAPL,-3.16,9.92
2026-03-02,262.41,266.53,260.2,264.72,41827900,0.0,0.0,AAPL,0.88,6.33
2026-03-03,263.48,265.56,260.13,263.75,38568900,0.0,0.0,AAPL,0.1,5.43
2026-03-04,264.65,266.15,261.42,262.52,39803100,0.0,0.0,AAPL,-0.8,4.73
2026-03-05,260.79,261.56,257.25,260.29,49658600,0.0,0.0,AAPL,-0.19,4.31
2026-03-06,258.63,258.77,254.37,257.46,41120000,0.0,0.0,AAPL,-0.45,4.4
2026-03-09,255.69,261.15,253.68,259.88,38218500,0.0,0.0,AAPL,1.64,7.47
2026-03-10,257.65,262.48,256.95,260.83,30590800,0.0,0.0,AAPL,1.23,5.53
2026-03-11,261.09,262.13,259.55,260.81,26218900,0.0,0.0,AAPL,-0.11,2.58
2026-03-12,258.66,258.95,254.18,255.76,40794000,0.0,0.0,AAPL,-1.12,4.77
2026-03-13,255.48,256.33,249.52,250.12,36930000,0.0,0.0,AAPL,-2.1,6.81
2026-03-16,252.11,253.89,249.88,252.82,32074200,0.0,0.0,AAPL,0.28,4.01
2026-03-17,252.96,255.13,252.18,254.23,32361600,0.0,0.0,AAPL,0.5,2.95
2026-03-18,252.63,254.94,249.0,249.94,35757900,0.0,0.0,AAPL,-1.06,5.94
2026-03-19,249.4,251.83,247.3,248.96,34864100,0.0,0.0,AAPL,-0.18,4.53
2026-03-20,247.98,249.2,246.0,247.99,88331100,0.0,0.0,AAPL,0.0,3.2
2026-03-23,253.97,254.6,250.28,251.49,40546100,0.0,0.0,AAPL,-0.98,4.32
2026-03-24,250.35,254.83,249.55,251.64,45152300,0.0,0.0,AAPL,0.52,5.28
2026-03-25,254.1,255.0,251.6,252.62,28476700,0.0,0.0,AAPL,-0.58,3.4
2026-03-26,252.12,257.0,250.77,252.89,41796700,0.0,0.0,AAPL,0.31,6.23
2026-03-27,253.9,255.49,248.07,248.8,47900000,0.0,0.0,AAPL,-2.01,7.42
2026-03-30,250.07,250.87,245.51,246.63,39446200,0.0,0.0,AAPL,-1.38,5.36
2026-03-31,247.91,255.48,247.1,253.79,49598100,0.0,0.0,AAPL,2.37,8.38
2026-04-01,254.08,256.18,253.33,255.63,40059400,0.0,0.0,AAPL,0.61,2.85
2026-04-02,254.2,256.13,250.65,255.92,31289400,0.0,0.0,AAPL,0.68,5.48
2026-04-06,256.51,262.16,256.46,258.86,29329900,0.0,0.0,AAPL,0.92,5.7
2026-04-07,256.16,256.2,245.7,253.5,62148000,0.0,0.0,AAPL,-1.04,10.5
2026-04-08,258.45,259.75,256.53,258.9,41032800,0.0,0.0,AAPL,0.17,3.22
2026-04-09,259.0,261.12,256.07,260.49,28121600,0.0,0.0,AAPL,0.58,5.05
2026-04-10,259.98,262.19,259.02,260.48,31291500,0.0,0.0,AAPL,0.19,3.17
2026-04-13,259.73,260.18,256.66,259.2,36234700,0.0,0.0,AAPL,-0.2,3.52
2026-04-14,259.25,261.93,257.19,258.83,48370700,0.0,0.0,AAPL,-0.16,4.74
2026-04-15,258.16,266.56,257.81,266.43,49913500,0.0,0.0,AAPL,3.2,8.75
2026-04-16,266.8,267.16,261.27,263.4,43323100,0.0,0.0,AAPL,-1.27,5.89
2026-04-17,266.96,272.3,266.72,270.23,61436200,0.0,0.0,AAPL,1.22,5.58
2026-04-20,270.33,274.28,270.29,273.05,36590200,0.0,0.0,AAPL,1.01,3.99
2026-04-21,271.5,272.8,265.4,266.17,50209800,0.0,0.0,AAPL,-1.96,7.4
2026-04-22,267.82,273.74,266.87,273.17,43249200,0.0,0.0,AAPL,2.0,6.87
2026-04-23,275.05,275.77,271.65,273.43,33399600,0.0,0.0,AAPL,-0.59,4.12
2026-04-24,272.76,273.06,269.65,271.06,38157100,0.0,0.0,AAPL,-0.62,3.41
2026-04-27,266.09,268.36,265.07,267.61,41466800,0.0,0.0,AAPL,0.57,3.29
2026-04-28,272.34,273.23,268.66,270.71,40018900,0.0,0.0,AAPL,-0.6,4.57
2026-04-29,267.55,271.04,267.04,269.89,16882150,0.0,0.0,AAPL,0.87,4.0
2025-04-29,159.77,160.18,156.98,159.61,26809000,0.0,0.0,GOOGL,-0.1,3.2
2025-04-30,157.43,158.72,154.86,158.25,34981100,0.0,0.0,GOOGL,0.52,3.86
2025-05-01,159.9,161.39,158.36,160.74,30203200,0.0,0.0,GOOGL,0.53,3.03
2025-05-02,162.85,164.4,161.31,163.46,25715000,0.0,0.0,GOOGL,0.37,3.09
2025-05-05,162.44,164.82,162.16,163.64,21341800,0.0,0.0,GOOGL,0.74,2.66
2025-05-06,161.61,164.23,160.63,162.67,21277200,0.0,0.0,GOOGL,0.66,3.6
2025-05-07,163.51,164.43,147.33,150.86,127490100,0.0,0.0,GOOGL,-7.74,17.1
2025-05-08,154.46,155.39,152.37,153.75,57498700,0.0,0.0,GOOGL,-0.46,3.02
2025-05-09,153.64,154.51,151.67,152.22,32435300,0.0,0.0,GOOGL,-0.92,2.84
2025-05-12,156.95,158.55,155.71,157.91,44138800,0.0,0.0,GOOGL,0.61,2.84
2025-05-13,158.24,160.02,155.62,158.98,42382100,0.0,0.0,GOOGL,0.47,4.4
2025-05-14,159.41,166.42,159.06,164.8,48755900,0.0,0.0,GOOGL,3.38,7.36
2025-05-15,165.27,165.64,161.81,163.39,33146700,0.0,0.0,GOOGL,-1.14,3.83
2025-05-16,167.15,168.76,165.05,165.62,42846900,0.0,0.0,GOOGL,-0.92,3.71
2025-05-19,163.94,166.06,163.65,165.96,30426100,0.0,0.0,GOOGL,1.23,2.41
2025-05-20,165.85,167.92,162.34,163.41,46607700,0.0,0.0,GOOGL,-1.47,5.58
2025-05-21,163.12,172.54,162.99,167.98,73416000,0.0,0.0,GOOGL,2.98,9.55
2025-05-22,171.26,176.16,170.12,170.28,74864400,0.0,0.0,GOOGL,-0.57,6.04
2025-05-23,168.48,169.37,167.31,167.89,35211400,0.0,0.0,GOOGL,-0.35,2.06
2025-05-27,169.57,172.57,169.41,172.3,37995700,0.0,0.0,GOOGL,1.61,3.16
2025-05-28,172.56,174.66,171.32,171.76,34784000,0.0,0.0,GOOGL,-0.46,3.34
2025-05-29,173.4,173.82,170.04,171.27,29317300,0.0,0.0,GOOGL,-1.23,3.78
2025-05-30,170.76,171.61,166.86,171.15,52639900,0.0,0.0,GOOGL,0.23,4.75
2025-06-02,167.26,169.28,166.81,168.45,38612300,0.0,0.0,GOOGL,0.71,2.47
2025-06-03,166.91,167.9,164.71,165.61,45084900,0.0,0.0,GOOGL,-0.78,3.19
2025-06-04,166.16,167.64,165.79,167.47,26900800,0.0,0.0,GOOGL,0.79,1.85
2025-06-05,169.75,170.34,167.01,167.63,36379100,0.0,0.0,GOOGL,-1.25,3.33
2025-06-06,170.24,173.9,170.24,173.08,35731800,0.0,0.0,GOOGL,1.67,3.66
2025-06-09,174.15,176.07,173.98,175.69,28935900,0.21,0.0,GOOGL,0.88,2.09
2025-06-10,175.8,180.7,174.52,178.2,61766100,0.0,0.0,GOOGL,1.37,6.18
2025-06-11,179.37,179.96,176.35,176.95,31646800,0.0,0.0,GOOGL,-1.35,3.61
2025-06-12,175.78,176.32,174.36,175.3,20941900,0.0,0.0,GOOGL,-0.27,1.96
2025-06-13,172.05,176.73,172.0,174.28,27663100,0.0,0.0,GOOGL,1.3,4.73
2025-06-16,174.34,176.54,174.26,176.37,27389200,0.0,0.0,GOOGL,1.16,2.28
2025-06-17,175.3,176.96,174.19,175.55,24973000,0.0,0.0,GOOGL,0.14,2.77
2025-06-18,175.61,176.16,172.81,172.93,28707500,0.0,0.0,GOOGL,-1.53,3.35
2025-06-20,173.56,173.95,165.09,166.27,75659900,0.0,0.0,GOOGL,-4.2,8.86
2025-06-23,165.9,166.96,161.64,164.82,57671000,0.0,0.0,GOOGL,-0.65,5.32
2025-06-24,166.54,167.84,165.76,166.39,40524300,0.0,0.0,GOOGL,-0.09,2.08
2025-06-25,167.25,171.97,167.17,170.3,35479000,0.0,0.0,GOOGL,1.82,4.8
2025-06-26,172.04,173.3,169.56,173.15,31796700,0.0,0.0,GOOGL,0.65,3.74
2025-06-27,173.15,178.28,171.34,178.13,108140200,0.0,0.0,GOOGL,2.88,6.94
2025-06-30,180.37,180.82,174.19,175.83,63378900,0.0,0.0,GOOGL,-2.52,6.63
2025-07-01,175.34,175.69,173.14,175.44,35904500,0.0,0.0,GOOGL,0.06,2.55
2025-07-02,175.15,178.46,174.68,178.24,29128900,0.0,0.0,GOOGL,1.76,3.78
2025-07-03,178.1,179.27,176.65,179.13,21689700,0.0,0.0,GOOGL,0.58,2.62
2025-07-07,178.66,178.9,175.28,176.39,34175600,0.0,0.0,GOOGL,-1.27,3.62
2025-07-08,177.45,177.55,172.42,173.97,40442500,0.0,0.0,GOOGL,-1.96,5.13
2025-07-09,174.86,179.04,172.38,176.22,43025600,0.0,0.0,GOOGL,0.78,6.66
2025-07-10,175.23,178.03,173.99,177.22,29252400,0.0,0.0,GOOGL,1.14,4.04
2025-07-11,176.39,181.02,176.08,179.78,34282900,0.0,0.0,GOOGL,1.92,4.94
2025-07-14,180.6,183.26,179.28,181.15,32536600,0.0,0.0,GOOGL,0.3,3.98
2025-07-15,182.4,183.81,181.19,181.59,33448300,0.0,0.0,GOOGL,-0.44,2.62
2025-07-16,182.83,183.92,181.62,182.56,33104200,0.0,0.0,GOOGL,-0.15,2.3
2025-07-17,181.73,183.65,180.07,183.17,31992600,0.0,0.0,GOOGL,0.79,3.58
2025-07-18,184.98,186.0,183.3,184.64,34014500,0.0,0.0,GOOGL,-0.18,2.7
2025-07-21,185.83,189.86,185.73,189.67,45803100,0.0,0.0,GOOGL,2.07,4.13
2025-07-22,191.07,191.22,187.04,190.91,44660200,0.0,0.0,GOOGL,-0.08,4.18
2025-07-23,191.07,192.1,188.75,189.8,58681900,0.0,0.0,GOOGL,-0.66,3.35
2025-07-24,196.59,197.5,190.57,191.74,74881700,0.0,0.0,GOOGL,-2.47,6.93
2025-07-25,191.55,193.89,190.83,192.75,39785900,0.0,0.0,GOOGL,0.63,3.06
2025-07-28,193.21,193.61,190.41,192.15,38139500,0.0,0.0,GOOGL,-0.55,3.2
2025-07-29,192.0,195.48,191.65,195.31,41389200,0.0,0.0,GOOGL,1.72,3.83
2025-07-30,195.16,197.16,194.25,196.09,32445400,0.0,0.0,GOOGL,0.48,2.91
2025-07-31,195.27,195.55,190.66,191.47,51329200,0.0,0.0,GOOGL,-1.95,4.89
2025-08-01,188.6,190.4,187.4,188.7,34832200,0.0,0.0,GOOGL,0.05,3.0
2025-08-04,189.86,194.83,189.69,194.6,31547400,0.0,0.0,GOOGL,2.5,5.14
2025-08-05,194.27,197.41,193.45,194.23,31602300,0.0,0.0,GOOGL,-0.02,3.96
2025-08-06,194.06,196.19,193.23,195.65,21562900,0.0,0.0,GOOGL,0.82,2.96
2025-08-07,196.62,197.1,193.89,196.08,26321800,0.0,0.0,GOOGL,-0.27,3.21
2025-08-08,196.78,202.15,196.73,200.97,39161800,0.0,0.0,GOOGL,2.13,5.42
2025-08-11,200.49,201.03,198.62,200.55,25832400,0.0,0.0,GOOGL,0.03,2.41
2025-08-12,200.92,204.04,200.14,202.88,30397900,0.0,0.0,GOOGL,0.98,3.9
2025-08-13,203.67,204.07,197.07,201.51,28342900,0.0,0.0,GOOGL,-1.06,7.0
2025-08-14,201.05,203.98,200.78,202.48,25230400,0.0,0.0,GOOGL,0.71,3.2
2025-08-15,203.39,205.98,200.83,203.44,34931400,0.0,0.0,GOOGL,0.02,5.15
2025-08-18,203.74,204.81,202.03,203.04,18526600,0.0,0.0,GOOGL,-0.34,2.78
2025-08-19,202.57,202.98,199.51,201.12,24240200,0.0,0.0,GOOGL,-0.72,3.47
2025-08-20,200.28,200.83,196.16,198.87,28955500,0.0,0.0,GOOGL,-0.7,4.67
2025-08-21,199.3,202.02,198.98,199.3,19774600,0.0,0.0,GOOGL,0.0,3.04
2025-08-22,202.27,208.07,200.85,205.63,42827000,0.0,0.0,GOOGL,1.66,7.22
2025-08-25,205.97,210.05,204.82,208.02,29928900,0.0,0.0,GOOGL,1.0,5.23
2025-08-26,207.04,207.38,205.24,206.67,28464100,0.0,0.0,GOOGL,-0.18,2.14
2025-08-27,205.24,208.44,205.19,207.01,23022900,0.0,0.0,GOOGL,0.86,3.25
2025-08-28,206.78,211.74,206.43,211.16,32339300,0.0,0.0,GOOGL,2.12,5.31
2025-08-29,210.04,214.17,209.73,212.43,39728400,0.0,0.0,GOOGL,1.14,4.44
2025-09-02,207.97,211.2,205.74,210.87,47523000,0.0,0.0,GOOGL,1.39,5.46
2025-09-03,225.7,230.79,224.28,230.14,103336100,0.0,0.0,GOOGL,1.97,6.51
2025-09-04,229.13,231.85,225.6,231.78,51684200,0.0,0.0,GOOGL,1.16,6.25
2025-09-05,231.68,235.23,231.38,234.47,46588900,0.0,0.0,GOOGL,1.2,3.85
2025-09-08,235.15,237.81,233.35,233.72,32474700,0.21,0.0,GOOGL,-0.61,4.46
2025-09-09,233.85,240.14,232.91,239.3,38061000,0.0,0.0,GOOGL,2.33,7.23
2025-09-10,238.58,241.33,237.53,238.85,35141100,0.0,0.0,GOOGL,0.11,3.8
2025-09-11,239.55,241.92,235.93,240.04,30599300,0.0,0.0,GOOGL,0.2,5.99
2025-09-12,240.04,241.75,237.68,240.47,26771600,0.0,0.0,GOOGL,0.18,4.07
2025-09-15,244.33,252.07,244.33,251.27,58383800,0.0,0.0,GOOGL,2.84,7.74
2025-09-16,251.74,252.7,249.13,250.82,34109700,0.0,0.0,GOOGL,-0.37,3.57
2025-09-17,250.88,251.26,245.95,249.19,34108000,0.0,0.0,GOOGL,-0.67,5.31
2025-09-18,251.34,253.65,249.46,251.69,31239500,0.0,0.0,GOOGL,0.14,4.19
2025-09-19,252.91,255.65,251.47,254.37,55571400,0.0,0.0,GOOGL,0.58,4.18
2025-09-22,254.08,255.43,249.96,252.19,32290500,0.0,0.0,GOOGL,-0.74,5.47
2025-09-23,252.7,254.01,250.14,251.32,26628000,0.0,0.0,GOOGL,-0.55,3.87
2025-09-24,251.32,252.01,246.11,246.8,28201000,0.0,0.0,GOOGL,-1.8,5.9
2025-09-25,244.07,246.16,240.41,245.46,31020400,0.0,0.0,GOOGL,0.57,5.75
2025-09-26,246.73,249.08,245.64,246.21,18503200,0.0,0.0,GOOGL,-0.21,3.44
2025-09-29,247.51,250.81,242.44,243.72,32505800,0.0,0.0,GOOGL,-1.53,8.37
2025-09-30,242.48,242.96,238.93,242.77,34724300,0.0,0.0,GOOGL,0.12,4.03
2025-10-01,240.42,245.97,238.29,244.57,31658200,0.0,0.0,GOOGL,1.73,7.68
2025-10-02,244.82,246.48,241.97,245.36,25483300,0.0,0.0,GOOGL,0.22,4.51
2025-10-03,244.16,245.97,241.33,245.02,30249600,0.0,0.0,GOOGL,0.35,4.64
2025-10-06,244.45,250.98,244.25,250.09,28894700,0.0,0.0,GOOGL,2.31,6.73
2025-10-07,247.93,250.1,245.19,245.43,23181300,0.0,0.0,GOOGL,-1.01,4.91
2025-10-08,244.63,245.68,243.49,244.29,21307100,0.0,0.0,GOOGL,-0.14,2.19
2025-10-09,244.14,244.43,238.83,241.2,27892100,0.0,0.0,GOOGL,-1.2,5.6
2025-10-10,241.1,243.76,235.52,236.25,33180300,0.0,0.0,GOOGL,-2.01,8.24
2025-10-13,239.88,244.17,239.38,243.82,24995000,0.0,0.0,GOOGL,1.64,4.79
2025-10-14,240.9,246.78,240.18,245.12,22111600,0.0,0.0,GOOGL,1.75,6.6
2025-10-15,246.91,251.77,245.66,250.69,27007700,0.0,0.0,GOOGL,1.53,6.11
2025-10-16,251.43,256.61,249.76,251.12,27997200,0.0,0.0,GOOGL,-0.12,6.85
2025-10-17,250.42,253.88,247.47,252.96,29671600,0.0,0.0,GOOGL,1.01,6.41
2025-10-20,254.34,256.98,253.89,256.2,22350200,0.0,0.0,GOOGL,0.73,3.09
2025-10-21,254.39,254.53,243.82,250.12,47312100,0.0,0.0,GOOGL,-1.68,10.71
2025-10-22,254.02,256.01,248.95,251.35,35029400,0.0,0.0,GOOGL,-1.05,7.06
2025-10-23,252.64,254.69,251.51,252.74,19901400,0.0,0.0,GOOGL,0.04,3.18
2025-10-24,256.23,261.32,254.97,259.57,28655100,0.0,0.0,GOOGL,1.3,6.35
2025-10-27,264.46,269.77,263.92,268.9,35235200,0.0,0.0,GOOGL,1.68,5.85
2025-10-28,269.32,270.36,266.14,267.11,29738600,0.0,0.0,GOOGL,-0.82,4.22
2025-10-29,267.39,274.97,267.31,274.2,43580300,0.0,0.0,GOOGL,2.55,7.66
2025-10-30,291.19,291.19,279.68,281.1,74876000,0.0,0.0,GOOGL,-3.47,11.51
2025-10-31,282.83,285.61,276.65,280.81,39267900,0.0,0.0,GOOGL,-0.71,8.96
2025-11-03,281.8,285.14,279.42,283.34,29786000,0.0,0.0,GOOGL,0.55,5.72
2025-11-04,276.37,280.89,275.89,277.16,30078400,0.0,0.0,GOOGL,0.29,5.0
2025-11-05,278.49,286.03,276.96,283.92,31010300,0.0,0.0,GOOGL,1.95,9.07
2025-11-06,284.94,287.96,280.76,284.36,37173600,0.0,0.0,GOOGL,-0.2,7.2
2025-11-07,282.83,283.4,274.82,278.45,34479600,0.0,0.0,GOOGL,-1.55,8.58
2025-11-10,284.03,290.41,282.48,289.71,29557300,0.0,0.0,GOOGL,2.0,7.93
2025-11-11,287.36,291.52,286.93,290.91,19842100,0.0,0.0,GOOGL,1.24,4.59
2025-11-12,291.28,291.61,283.31,286.32,24829900,0.0,0.0,GOOGL,-1.7,8.3
2025-11-13,281.96,282.46,276.86,278.19,29494000,0.0,0.0,GOOGL,-1.34,5.6
2025-11-14,271.04,278.18,270.33,276.04,31647200,0.0,0.0,GOOGL,1.84,7.85
2025-11-17,285.39,293.55,283.19,284.63,52670200,0.0,0.0,GOOGL,-0.27,10.36
2025-11-18,287.53,288.41,277.82,283.89,49158700,0.0,0.0,GOOGL,-1.27,10.59
2025-11-19,286.77,303.4,286.24,292.41,68198900,0.0,0.0,GOOGL,1.97,17.16
2025-11-20,304.13,306.0,288.28,289.06,62025200,0.0,0.0,GOOGL,-4.96,17.72
2025-11-21,296.02,303.51,293.45,299.25,74137700,0.0,0.0,GOOGL,1.09,10.06
2025-11-24,310.71,319.05,309.18,318.15,85165100,0.0,0.0,GOOGL,2.39,9.87
2025-11-25,325.77,328.38,317.22,323.0,88632100,0.0,0.0,GOOGL,-0.85,11.16
2025-11-26,320.24,324.06,316.36,319.52,51373400,0.0,0.0,GOOGL,-0.22,7.7
2025-11-28,322.93,326.41,316.36,319.75,26018600,0.0,0.0,GOOGL,-0.98,10.05
2025-12-01,317.27,319.42,313.46,314.46,41183000,0.0,0.0,GOOGL,-0.89,5.96
2025-12-02,316.31,317.95,313.48,315.38,35854700,0.0,0.0,GOOGL,-0.29,4.47
2025-12-03,315.46,321.14,313.67,319.2,41838300,0.0,0.0,GOOGL,1.19,7.47
2025-12-04,321.79,321.92,314.27,317.19,31240900,0.0,0.0,GOOGL,-1.43,7.65
2025-12-05,319.06,322.72,318.74,320.83,28851700,0.0,0.0,GOOGL,0.55,3.98
2025-12-08,319.82,320.21,311.0,313.5,33909400,0.21,0.0,GOOGL,-1.98,9.21
2025-12-09,312.15,317.77,311.68,316.86,30194000,0.0,0.0,GOOGL,1.51,6.09
2025-12-10,315.61,321.08,314.46,319.98,33428900,0.0,0.0,GOOGL,1.38,6.62
2025-12-11,319.85,320.89,308.38,312.21,42353700,0.0,0.0,GOOGL,-2.39,12.51
2025-12-12,313.48,314.65,305.35,309.07,35940200,0.0,0.0,GOOGL,-1.41,9.3
2025-12-15,311.1,311.2,304.67,308.0,29151900,0.0,0.0,GOOGL,-1.0,6.53
2025-12-16,304.74,310.55,302.38,306.35,30585000,0.0,0.0,GOOGL,0.53,8.17
2025-12-17,307.79,307.87,295.91,296.51,43930400,0.0,0.0,GOOGL,-3.66,11.96
2025-12-18,301.51,303.75,299.02,302.25,33518000,0.0,0.0,GOOGL,0.25,4.73
2025-12-19,301.52,307.03,300.76,306.94,59943200,0.0,0.0,GOOGL,1.8,6.27
2025-12-22,309.66,309.91,305.09,309.56,26429900,0.0,0.0,GOOGL,-0.03,4.82
2025-12-23,309.41,314.72,309.1,314.13,25478700,0.0,0.0,GOOGL,1.53,5.62
2025-12-24,314.55,314.86,311.7,313.87,10097400,0.0,0.0,GOOGL,-0.22,3.16
2025-12-26,314.26,314.87,312.06,313.29,10899000,0.0,0.0,GOOGL,-0.31,2.81
2025-12-29,311.15,313.8,310.4,313.34,19621800,0.0,0.0,GOOGL,0.7,3.4
2025-12-30,312.28,316.73,312.24,313.63,17380900,0.0,0.0,GOOGL,0.43,4.49
2025-12-31,312.63,314.36,311.22,312.78,16377700,0.0,0.0,GOOGL,0.05,3.14
2026-01-02,316.68,322.27,310.11,314.93,32009400,0.0,0.0,GOOGL,-0.55,12.16
2026-01-05,317.44,318.8,314.41,316.32,30195600,0.0,0.0,GOOGL,-0.35,4.39
2026-01-06,316.18,320.71,311.56,314.12,31212100,0.0,0.0,GOOGL,-0.65,9.15
2026-01-07,314.14,325.92,313.97,321.75,35104400,0.0,0.0,GOOGL,2.42,11.95
2026-01-08,328.74,330.09,321.27,325.21,31896100,0.0,0.0,GOOGL,-1.07,8.82
2026-01-09,326.86,330.6,325.57,328.34,26214200,0.0,0.0,GOOGL,0.45,5.03
2026-01-12,325.57,333.81,324.77,331.63,33923900,0.0,0.0,GOOGL,1.86,9.04
2026-01-13,334.71,340.25,333.39,335.73,33517600,0.0,0.0,GOOGL,0.3,6.86
2026-01-14,334.82,336.28,330.25,335.6,28525600,0.0,0.0,GOOGL,0.23,6.03
2026-01-15,337.41,337.45,330.51,332.55,28442400,0.0,0.0,GOOGL,-1.44,6.94
2026-01-16,334.17,334.41,327.47,329.77,40341600,0.0,0.0,GOOGL,-1.32,6.94
2026-01-20,320.64,327.5,320.2,321.77,35361000,0.0,0.0,GOOGL,0.35,7.3
2026-01-21,320.69,332.25,319.13,328.15,35386600,0.0,0.0,GOOGL,2.33,13.12
2026-01-22,334.21,334.91,328.52,330.31,26253600,0.0,0.0,GOOGL,-1.17,6.39
2026-01-23,332.26,333.46,327.22,327.7,27280000,0.0,0.0,GOOGL,-1.37,6.24
2026-01-26,327.58,335.6,326.77,333.03,26042100,0.0,0.0,GOOGL,1.66,8.83
2026-01-27,335.13,337.67,333.25,334.31,21636200,0.0,0.0,GOOGL,-0.24,4.42
2026-01-28,335.82,337.3,331.71,335.77,27434400,0.0,0.0,GOOGL,-0.01,5.59
2026-01-29,340.06,342.05,326.31,338.01,39785600,0.0,0.0,GOOGL,-0.6,15.74
2026-01-30,339.76,339.76,332.06,337.76,31024000,0.0,0.0,GOOGL,-0.59,7.7
2026-02-02,335.98,344.59,335.39,343.45,32006100,0.0,0.0,GOOGL,2.22,9.2
2026-02-03,347.1,348.75,337.23,339.47,36506700,0.0,0.0,GOOGL,-2.2,11.52
2026-02-04,342.72,343.07,328.29,332.81,70618400,0.0,0.0,GOOGL,-2.89,14.78
2026-02-05,312.0,332.46,306.24,331.02,88205800,0.0,0.0,GOOGL,6.1,26.22
2026-02-06,326.95,330.15,319.69,322.63,56380500,0.0,0.0,GOOGL,-1.32,10.46
2026-02-09,320.7,327.47,317.04,324.09,39640100,0.0,0.0,GOOGL,1.06,10.43
2026-02-10,320.74,321.44,314.39,318.36,39170000,0.0,0.0,GOOGL,-0.74,7.05
2026-02-11,318.75,320.83,309.44,310.74,45406400,0.0,0.0,GOOGL,-2.51,11.39
2026-02-12,311.87,316.02,306.98,308.78,47761300,0.0,0.0,GOOGL,-0.99,9.04
2026-02-13,307.51,308.41,303.5,305.5,38499700,0.0,0.0,GOOGL,-0.65,4.91
2026-02-17,299.83,304.23,296.04,301.81,39247600,0.0,0.0,GOOGL,0.66,8.19
2026-02-18,301.88,305.17,301.04,303.12,28482100,0.0,0.0,GOOGL,0.41,4.13
2026-02-19,301.61,305.26,299.83,302.64,25834400,0.0,0.0,GOOGL,0.34,5.43
2026-02-20,304.11,316.28,303.69,314.76,53210800,0.0,0.0,GOOGL,3.5,12.59
2026-02-23,318.83,319.3,309.65,311.27,31423000,0.0,0.0,GOOGL,-2.37,9.65
2026-02-24,310.3,312.05,305.71,310.68,25615600,0.0,0.0,GOOGL,0.12,6.34
2026-02-25,311.84,313.42,309.22,312.68,29963600,0.0,0.0,GOOGL,0.27,4.2
2026-02-26,312.42,312.92,302.14,307.16,36431200,0.0,0.0,GOOGL,-1.68,10.78
2026-02-27,303.93,312.15,303.59,311.54,44640600,0.0,0.0,GOOGL,2.5,8.56
2026-03-02,303.02,308.27,301.09,306.3,34790200,0.0,0.0,GOOGL,1.08,7.18
2026-03-03,298.38,303.73,296.5,303.37,35497000,0.0,0.0,GOOGL,1.67,7.23
2026-03-04,302.68,305.26,300.54,302.92,29536200,0.0,0.0,GOOGL,0.08,4.72
2026-03-05,302.83,303.09,297.78,300.67,35752300,0.0,0.0,GOOGL,-0.71,5.31
2026-03-06,295.88,300.32,294.97,298.31,25576900,0.0,0.0,GOOGL,0.82,5.35
2026-03-09,294.36,306.8,294.08,306.36,29312100,0.21,0.0,GOOGL,4.08,12.72
2026-03-10,306.17,309.51,305.57,307.04,23239700,0.0,0.0,GOOGL,0.28,3.94
2026-03-11,306.75,311.42,305.92,308.7,24125700,0.0,0.0,GOOGL,0.64,5.5
2026-03-12,306.82,308.94,301.03,303.55,24928300,0.0,0.0,GOOGL,-1.07,7.91
2026-03-13,307.01,307.69,300.44,302.28,23693100,0.0,0.0,GOOGL,-1.54,7.25
2026-03-16,304.35,306.49,303.02,305.56,23519700,0.0,0.0,GOOGL,0.4,3.47
2026-03-17,305.86,311.42,305.5,310.92,21955200,0.0,0.0,GOOGL,1.65,5.92
2026-03-18,309.27,312.47,306.93,307.69,20009800,0.0,0.0,GOOGL,-0.51,5.54
2026-03-19,304.01,308.06,302.35,307.13,25075800,0.0,0.0,GOOGL,1.03,5.71
2026-03-20,305.46,306.0,298.27,301.0,44364100,0.0,0.0,GOOGL,-1.46,7.73
2026-03-23,302.11,305.98,300.93,302.06,29326900,0.0,0.0,GOOGL,-0.02,5.05
2026-03-24,299.2,299.92,290.33,290.44,36864300,0.0,0.0,GOOGL,-2.93,9.59
2026-03-25,293.44,296.0,289.24,290.93,29460700,0.0,0.0,GOOGL,-0.86,6.76
2026-03-26,287.91,287.95,278.5,280.92,39080600,0.0,0.0,GOOGL,-2.43,9.45
2026-03-27,277.28,279.37,273.95,274.34,35890600,0.0,0.0,GOOGL,-1.06,5.42
2026-03-30,276.42,277.09,272.11,273.5,35141200,0.0,0.0,GOOGL,-1.06,4.98
2026-03-31,278.04,288.08,277.09,287.56,43875400,0.0,0.0,GOOGL,3.42,10.99
2026-04-01,290.84,300.52,290.41,297.39,37684500,0.0,0.0,GOOGL,2.25,10.11
2026-04-02,290.69,298.08,289.45,295.77,21666500,0.0,0.0,GOOGL,1.75,8.63
2026-04-06,295.87,300.62,295.18,299.99,16945500,0.0,0.0,GOOGL,1.39,5.44
2026-04-07,302.73,305.63,297.72,305.46,23205400,0.0,0.0,GOOGL,0.9,7.91
2026-04-08,320.45,322.08,315.02,317.32,33547100,0.0,0.0,GOOGL,-0.98,7.06
2026-04-09,315.91,319.54,311.06,318.49,23739200,0.0,0.0,GOOGL,0.82,8.48
2026-04-10,320.02,321.83,316.32,317.24,19152600,0.0,0.0,GOOGL,-0.87,5.51
2026-04-13,317.14,321.63,315.47,321.31,18866400,0.0,0.0,GOOGL,1.31,6.16
2026-04-14,324.79,333.29,323.75,332.91,27721400,0.0,0.0,GOOGL,2.5,9.54
2026-04-15,332.89,337.48,330.9,337.12,24918800,0.0,0.0,GOOGL,1.27,6.58
2026-04-16,338.75,339.88,334.52,336.02,20541500,0.0,0.0,GOOGL,-0.81,5.36
2026-04-17,337.65,342.32,336.24,341.68,25581900,0.0,0.0,GOOGL,1.19,6.08
2026-04-20,340.76,341.4,336.61,337.42,18784200,0.0,0.0,GOOGL,-0.98,4.79
2026-04-21,337.69,339.34,331.35,332.29,23123800,0.0,0.0,GOOGL,-1.6,7.99
2026-04-22,337.02,339.82,335.17,339.32,20293000,0.0,0.0,GOOGL,0.68,4.65
2026-04-23,341.18,341.96,336.18,338.89,18650300,0.0,0.0,GOOGL,-0.67,5.78
2026-04-24,338.73,345.27,335.39,344.4,26426100,0.0,0.0,GOOGL,1.67,9.88
2026-04-27,345.98,353.18,342.73,350.34,28576900,0.0,0.0,GOOGL,1.26,10.45
2026-04-28,348.55,352.42,346.12,349.78,27824100,0.0,0.0,GOOGL,0.35,6.3
2026-04-29,347.57,355.79,344.21,351.07,21663995,0.0,0.0,GOOGL,1.01,11.58
2025-04-29,388.33,392.1,387.41,391.05,14974000,0.0,0.0,MSFT,0.7,4.69
2025-04-30,387.33,393.65,381.52,392.26,36461100,0.0,0.0,MSFT,1.27,12.13
2025-05-01,427.83,433.67,421.67,422.17,58938100,0.0,0.0,MSFT,-1.32,12.0
2025-05-02,428.46,436.1,426.72,431.97,30757400,0.0,0.0,MSFT,0.82,9.38
2025-05-05,429.58,436.16,428.83,432.86,20136100,0.0,0.0,MSFT,0.76,7.33
2025-05-06,428.92,434.4,427.89,430.02,15104200,0.0,0.0,MSFT,0.26,6.51
2025-05-07,430.54,434.79,427.83,430.06,23295300,0.0,0.0,MSFT,-0.11,6.96
2025-05-08,434.6,440.3,432.35,434.84,23491300,0.0,0.0,MSFT,0.06,7.95
2025-05-09,436.66,437.39,432.57,435.4,15324200,0.0,0.0,MSFT,-0.29,4.82
2025-05-12,442.55,445.96,436.44,445.85,22821900,0.0,0.0,MSFT,0.75,9.52
2025-05-13,444.38,447.25,441.98,445.73,23618800,0.0,0.0,MSFT,0.3,5.27
2025-05-14,444.74,450.45,444.74,449.5,19902800,0.0,0.0,MSFT,1.07,5.71
2025-05-15,448.17,453.56,447.83,450.51,21992300,0.83,0.0,MSFT,0.52,5.73
2025-05-16,449.44,451.74,446.14,451.65,23849800,0.0,0.0,MSFT,0.49,5.6
2025-05-19,448.28,456.94,448.2,456.22,21336500,0.0,0.0,MSFT,1.77,8.74
2025-05-20,452.96,455.69,451.7,455.52,15441800,0.0,0.0,MSFT,0.57,3.99
2025-05-21,451.94,455.14,449.2,449.96,19216900,0.0,0.0,MSFT,-0.44,5.94
2025-05-22,452.32,457.59,451.28,452.23,18025600,0.0,0.0,MSFT,-0.02,6.31
2025-05-23,447.38,451.07,446.32,447.58,16883500,0.0,0.0,MSFT,0.04,4.75
2025-05-27,453.84,458.29,453.49,458.03,20974300,0.0,0.0,MSFT,0.92,4.8
2025-05-28,458.56,459.85,454.29,454.72,17086300,0.0,0.0,MSFT,-0.84,5.56
2025-05-29,458.88,459.05,452.68,456.03,13974800,0.0,0.0,MSFT,-0.62,6.37
2025-05-30,457.06,459.01,452.91,457.7,34770500,0.0,0.0,MSFT,0.14,6.1
2025-06-02,454.5,459.44,454.25,459.3,16626500,0.0,0.0,MSFT,1.06,5.19
2025-06-03,458.8,461.46,458.2,460.3,15743800,0.0,0.0,MSFT,0.33,3.26
2025-06-04,461.32,463.0,460.35,461.19,14162700,0.0,0.0,MSFT,-0.03,2.65
2025-06-05,462.27,466.94,461.35,464.98,20131700,0.0,0.0,MSFT,0.59,5.59
2025-06-06,467.37,470.61,466.07,467.66,15285600,0.0,0.0,MSFT,0.06,4.54
2025-06-09,466.99,470.7,465.91,470.02,16469900,0.0,0.0,MSFT,0.65,4.79
2025-06-10,468.47,470.07,464.26,468.2,15375900,0.0,0.0,MSFT,-0.06,5.81
2025-06-11,467.31,472.72,466.95,469.89,16399200,0.0,0.0,MSFT,0.55,5.77
2025-06-12,472.28,477.65,470.79,476.1,18950600,0.0,0.0,MSFT,0.81,6.86
2025-06-13,473.66,476.41,470.03,472.22,16814500,0.0,0.0,MSFT,-0.3,6.38
2025-06-16,472.47,477.91,472.26,476.37,15626100,0.0,0.0,MSFT,0.83,5.65
2025-06-17,472.65,475.97,471.34,475.28,15414100,0.0,0.0,MSFT,0.56,4.63
2025-06-18,475.24,478.22,471.72,477.47,17526500,0.0,0.0,MSFT,0.47,6.5
2025-06-20,479.44,480.67,474.12,474.64,37576200,0.0,0.0,MSFT,-1.0,6.55
2025-06-23,475.45,484.93,469.78,483.19,24864000,0.0,0.0,MSFT,1.63,15.15
2025-06-24,486.13,489.01,483.99,487.28,22305600,0.0,0.0,MSFT,0.24,5.02
2025-06-25,489.2,491.7,486.56,489.43,17495100,0.0,0.0,MSFT,0.05,5.14
2025-06-26,490.13,495.16,489.96,494.58,21578900,0.0,0.0,MSFT,0.91,5.2
2025-06-27,494.68,496.42,490.18,493.08,34539200,0.0,0.0,MSFT,-0.32,6.24
2025-06-30,494.17,497.87,492.47,494.54,28369000,0.0,0.0,MSFT,0.07,5.4
2025-07-01,493.6,495.17,488.14,489.21,19945400,0.0,0.0,MSFT,-0.89,7.03
2025-07-02,487.16,490.65,485.88,488.25,16319600,0.0,0.0,MSFT,0.22,4.77
2025-07-03,490.96,497.24,490.59,495.96,13984800,0.0,0.0,MSFT,1.02,6.65
2025-07-07,494.51,495.87,492.37,494.85,13981600,0.0,0.0,MSFT,0.07,3.5
2025-07-08,494.37,495.32,491.26,493.75,11846600,0.0,0.0,MSFT,-0.13,4.06
2025-07-09,497.41,503.85,496.85,500.6,18659500,0.0,0.0,MSFT,0.64,7.0
2025-07-10,500.14,501.53,494.88,498.58,16492100,0.0,0.0,MSFT,-0.31,6.65
2025-07-11,495.59,502.11,494.92,500.41,16459500,0.0,0.0,MSFT,0.97,7.19
2025-07-14,498.62,501.06,498.14,500.11,12058800,0.0,0.0,MSFT,0.3,2.92
2025-07-15,500.11,505.36,499.89,502.9,14927200,0.0,0.0,MSFT,0.56,5.47
2025-07-16,502.26,503.79,498.99,502.7,15154400,0.0,0.0,MSFT,0.09,4.8
2025-07-17,502.76,510.4,502.7,508.74,17503100,0.0,0.0,MSFT,1.19,7.7
2025-07-18,511.51,511.67,504.5,507.1,21209700,0.0,0.0,MSFT,-0.86,7.17
2025-07-21,503.78,509.13,502.63,507.11,14066800,0.0,0.0,MSFT,0.66,6.5
2025-07-22,508.02,508.25,502.35,502.35,13868600,0.0,0.0,MSFT,-1.12,5.9
2025-07-23,503.82,503.86,497.81,502.95,16396600,0.0,0.0,MSFT,-0.17,6.05
2025-07-24,505.83,510.7,504.37,507.93,16107000,0.0,0.0,MSFT,0.42,6.33
2025-07-25,509.51,515.3,507.41,510.74,19125700,0.0,0.0,MSFT,0.24,7.89
2025-07-28,511.11,512.03,507.17,509.54,14308000,0.0,0.0,MSFT,-0.31,4.86
2025-07-29,512.55,514.63,508.61,509.61,16469200,0.0,0.0,MSFT,-0.57,6.02
2025-07-30,512.19,512.97,506.5,510.28,26380400,0.0,0.0,MSFT,-0.37,6.47
2025-07-31,552.02,552.24,528.83,530.42,51617300,0.0,0.0,MSFT,-3.91,23.41
2025-08-01,531.91,532.71,517.85,521.08,28977600,0.0,0.0,MSFT,-2.04,14.86
2025-08-04,525.22,535.14,525.08,532.55,25349000,0.0,0.0,MSFT,1.4,10.06
2025-08-05,534.08,534.2,524.19,524.7,19171600,0.0,0.0,MSFT,-1.76,10.01
2025-08-06,527.83,528.63,521.0,521.91,21355700,0.0,0.0,MSFT,-1.12,7.63
2025-08-07,523.76,525.04,514.56,517.83,16079100,0.0,0.0,MSFT,-1.13,10.48
2025-08-08,519.58,521.63,516.41,519.02,15531000,0.0,0.0,MSFT,-0.11,5.22
2025-08-11,519.28,524.54,516.72,518.76,20194400,0.0,0.0,MSFT,-0.1,7.82
2025-08-12,520.73,527.91,519.68,526.18,18667000,0.0,0.0,MSFT,1.05,8.23
2025-08-13,529.04,529.62,516.37,517.57,19619200,0.0,0.0,MSFT,-2.17,13.25
2025-08-14,519.54,522.91,517.14,519.46,20269100,0.0,0.0,MSFT,-0.02,5.77
2025-08-15,519.75,523.06,516.08,517.17,25213300,0.0,0.0,MSFT,-0.5,6.98
2025-08-18,518.58,519.8,511.05,514.11,23760600,0.0,0.0,MSFT,-0.86,8.75
2025-08-19,512.03,512.18,505.61,506.83,21481000,0.0,0.0,MSFT,-1.02,6.57
2025-08-20,506.93,508.05,501.53,502.8,27723000,0.0,0.0,MSFT,-0.81,6.52
2025-08-21,501.6,505.53,500.64,502.15,18443300,0.83,0.0,MSFT,0.11,4.89
2025-08-22,502.16,508.62,500.33,505.13,24324200,0.0,0.0,MSFT,0.59,8.29
2025-08-25,504.53,506.09,502.03,502.17,21638600,0.0,0.0,MSFT,-0.47,4.06
2025-08-26,502.27,502.89,496.45,499.96,30835700,0.0,0.0,MSFT,-0.46,6.44
2025-08-27,499.92,505.19,497.83,504.64,17277900,0.0,0.0,MSFT,0.94,7.36
2025-08-28,504.99,508.97,503.41,507.53,18015600,0.0,0.0,MSFT,0.5,5.56
2025-08-29,506.55,507.49,502.4,504.59,20961600,0.0,0.0,MSFT,-0.39,5.09
2025-09-02,498.4,503.9,494.75,503.03,18128000,0.0,0.0,MSFT,0.93,9.15
2025-09-03,501.7,505.69,500.24,503.26,16345100,0.0,0.0,MSFT,0.31,5.45
2025-09-04,502.21,506.05,501.07,505.87,15509500,0.0,0.0,MSFT,0.73,4.98
2025-09-05,506.96,509.85,490.33,492.95,31994800,0.0,0.0,MSFT,-2.76,19.52
2025-09-08,496.05,499.12,492.98,496.14,16771000,0.0,0.0,MSFT,0.02,6.14
2025-09-09,499.35,500.17,495.64,496.35,14410500,0.0,0.0,MSFT,-0.6,4.53
2025-09-10,500.9,501.15,494.66,498.3,21611800,0.0,0.0,MSFT,-0.52,6.49
2025-09-11,500.17,501.09,495.82,498.94,18881600,0.0,0.0,MSFT,-0.25,5.27
2025-09-12,504.55,510.43,501.76,507.79,23624900,0.0,0.0,MSFT,0.64,8.67
2025-09-15,506.68,513.34,504.9,513.23,17143800,0.0,0.0,MSFT,1.29,8.44
2025-09-16,514.74,515.09,506.49,506.93,19711900,0.0,0.0,MSFT,-1.52,8.6
2025-09-17,508.51,509.17,503.83,507.91,15816600,0.0,0.0,MSFT,-0.12,5.34
2025-09-18,509.37,510.95,505.56,506.34,18913700,0.0,0.0,MSFT,-0.59,5.39
2025-09-19,508.45,517.15,508.2,515.79,52474100,0.0,0.0,MSFT,1.44,8.95
2025-09-22,513.45,515.6,510.42,512.32,20009300,0.0,0.0,MSFT,-0.22,5.18
2025-09-23,511.67,512.46,505.21,507.12,19799600,0.0,0.0,MSFT,-0.89,7.25
2025-09-24,508.27,510.36,504.82,508.04,13533700,0.0,0.0,MSFT,-0.05,5.54
2025-09-25,506.2,507.9,502.95,504.93,15786500,0.0,0.0,MSFT,-0.25,4.95
2025-09-26,507.95,511.81,504.52,509.34,16213100,0.0,0.0,MSFT,0.27,7.29
2025-09-29,509.38,514.71,506.77,512.47,17617800,0.0,0.0,MSFT,0.61,7.94
2025-09-30,511.11,516.01,507.55,515.81,19728200,0.0,0.0,MSFT,0.92,8.46
2025-10-01,512.67,518.35,509.57,517.56,22632300,0.0,0.0,MSFT,0.95,8.78
2025-10-02,515.5,519.44,508.57,513.6,21222900,0.0,0.0,MSFT,-0.37,10.87
2025-10-03,514.96,518.33,512.87,515.21,15112300,0.0,0.0,MSFT,0.05,5.46
2025-10-06,516.46,528.83,516.05,526.38,21388600,0.0,0.0,MSFT,1.92,12.78
2025-10-07,526.1,527.61,519.28,521.81,14615200,0.0,0.0,MSFT,-0.82,8.33
2025-10-08,521.11,524.77,520.92,522.68,13363400,0.0,0.0,MSFT,0.3,3.85
2025-10-09,520.18,522.16,515.26,520.24,18343600,0.0,0.0,MSFT,0.01,6.9
2025-10-10,517.49,521.41,507.52,508.84,24133800,0.0,0.0,MSFT,-1.67,13.89
2025-10-13,514.27,514.27,509.56,511.92,14284200,0.0,0.0,MSFT,-0.46,4.71
2025-10-14,508.12,513.15,503.9,511.44,14684300,0.0,0.0,MSFT,0.65,9.25
2025-10-15,512.83,515.05,507.89,511.3,14694700,0.0,0.0,MSFT,-0.3,7.16
2025-10-16,510.46,514.71,506.03,509.49,15559600,0.0,0.0,MSFT,-0.19,8.68
2025-10-17,506.93,513.35,505.21,511.45,19867800,0.0,0.0,MSFT,0.89,8.14
2025-10-20,512.48,516.55,511.3,514.65,14665600,0.0,0.0,MSFT,0.42,5.25
2025-10-21,515.36,516.54,510.92,515.52,15586200,0.0,0.0,MSFT,0.03,5.62
2025-10-22,518.99,523.05,515.57,518.38,18962700,0.0,0.0,MSFT,-0.12,7.48
2025-10-23,520.3,521.78,516.46,518.4,14023500,0.0,0.0,MSFT,-0.37,5.32
2025-10-24,520.63,523.17,518.55,521.44,15532400,0.0,0.0,MSFT,0.16,4.62
2025-10-27,529.58,532.37,526.82,529.32,18734700,0.0,0.0,MSFT,-0.05,5.55
2025-10-28,547.72,551.43,538.53,539.83,29986700,0.0,0.0,MSFT,-1.44,12.9
2025-10-29,542.68,544.01,534.51,539.31,36023000,0.0,0.0,MSFT,-0.62,9.5
2025-10-30,528.28,532.75,519.96,523.58,41023100,0.0,0.0,MSFT,-0.89,12.79
2025-10-31,526.69,527.13,512.97,515.67,34006400,0.0,0.0,MSFT,-2.09,14.16
2025-11-03,517.66,522.79,512.46,514.89,22374700,0.0,0.0,MSFT,-0.54,10.33
2025-11-04,509.64,513.42,505.74,512.2,20958700,0.0,0.0,MSFT,0.5,7.68
2025-11-05,511.17,512.7,504.48,505.06,23024300,0.0,0.0,MSFT,-1.2,8.22
2025-11-06,503.57,503.61,493.76,495.04,27406500,0.0,0.0,MSFT,-1.69,9.85
2025-11-07,494.89,497.31,491.21,494.76,24019800,0.0,0.0,MSFT,-0.03,6.1
2025-11-10,497.97,504.75,496.73,503.9,26101500,0.0,0.0,MSFT,1.19,8.02
2025-11-11,502.71,507.49,500.27,506.57,17980000,0.0,0.0,MSFT,0.77,7.22
2025-11-12,507.25,509.55,497.05,509.02,26574900,0.0,0.0,MSFT,0.35,12.5
2025-11-13,508.2,511.37,499.21,501.21,25273100,0.0,0.0,MSFT,-1.38,12.16
2025-11-14,496.17,509.48,495.38,508.07,28505700,0.0,0.0,MSFT,2.4,14.1
2025-11-17,506.34,510.0,502.82,505.39,19092800,0.0,0.0,MSFT,-0.19,7.18
2025-11-18,493.32,500.9,484.76,491.75,33815100,0.0,0.0,MSFT,-0.32,16.14
2025-11-19,488.07,493.14,480.83,485.1,23245300,0.0,0.0,MSFT,-0.61,12.31
2025-11-20,491.59,492.45,474.42,477.34,26802500,0.91,0.0,MSFT,-2.9,18.03
2025-11-21,477.41,477.83,467.2,471.04,31769200,0.0,0.0,MSFT,-1.33,10.63
2025-11-24,473.92,475.81,466.95,472.92,34421000,0.0,0.0,MSFT,-0.21,8.86
2025-11-25,472.99,478.06,463.83,475.9,28019800,0.0,0.0,MSFT,0.62,14.23
2025-11-26,485.2,487.2,480.1,484.39,25709100,0.0,0.0,MSFT,-0.17,7.1
2025-11-28,486.49,491.51,485.54,490.89,14386700,0.0,0.0,MSFT,0.9,5.97
2025-12-01,487.33,488.74,483.55,485.63,23964000,0.0,0.0,MSFT,-0.35,5.19
2025-12-02,485.61,492.38,485.21,488.88,19562700,0.0,0.0,MSFT,0.67,7.17
2025-12-03,475.24,483.14,474.12,476.64,34615100,0.0,0.0,MSFT,0.29,9.02
2025-12-04,478.67,480.22,475.4,479.74,22318200,0.0,0.0,MSFT,0.22,4.82
2025-12-05,481.42,482.3,477.79,482.06,22608700,0.0,0.0,MSFT,0.13,4.51
2025-12-08,483.79,491.18,483.28,489.9,21965900,0.0,0.0,MSFT,1.26,7.9
2025-12-09,487.99,491.0,487.39,490.9,14696100,0.0,0.0,MSFT,0.6,3.61
2025-12-10,482.93,483.15,474.0,477.47,35756200,0.0,0.0,MSFT,-1.13,9.15
2025-12-11,475.54,484.92,474.78,482.37,24669200,0.0,0.0,MSFT,1.44,10.14
2025-12-12,478.73,481.35,475.26,477.44,21248100,0.0,0.0,MSFT,-0.27,6.09
2025-12-15,479.01,479.63,471.44,473.74,23727700,0.0,0.0,MSFT,-1.1,8.19
2025-12-16,470.84,476.8,469.81,475.31,20705600,0.0,0.0,MSFT,0.95,6.99
2025-12-17,475.82,478.91,473.92,475.04,24527200,0.0,0.0,MSFT,-0.16,4.99
2025-12-18,477.1,488.49,476.8,482.88,28573500,0.0,0.0,MSFT,1.21,11.69
2025-12-19,486.25,486.74,481.39,484.81,70836100,0.0,0.0,MSFT,-0.3,5.35
2025-12-22,485.01,487.62,481.59,483.82,16963000,0.0,0.0,MSFT,-0.25,6.03
2025-12-23,483.88,486.72,483.64,485.74,14683600,0.0,0.0,MSFT,0.38,3.08
2025-12-24,484.57,488.05,483.73,486.91,5855900,0.0,0.0,MSFT,0.48,4.32
2025-12-26,485.6,487.01,484.85,486.6,8842200,0.0,0.0,MSFT,0.21,2.16
2025-12-29,483.76,487.24,483.08,485.99,10893400,0.0,0.0,MSFT,0.46,4.16
2025-12-30,484.82,488.56,484.39,486.37,13944500,0.0,0.0,MSFT,0.32,4.17
2025-12-31,486.73,487.03,482.2,482.52,15601600,0.0,0.0,MSFT,-0.86,4.83
2026-01-02,483.29,483.56,469.09,471.86,25571600,0.0,0.0,MSFT,-2.37,14.47
2026-01-05,472.98,474.99,468.43,471.77,25250300,0.0,0.0,MSFT,-0.26,6.56
2026-01-06,472.72,477.65,468.68,477.42,23037700,0.0,0.0,MSFT,0.99,8.97
2026-01-07,478.67,488.58,476.86,482.37,25564200,0.0,0.0,MSFT,0.77,11.72
2026-01-08,480.14,481.56,474.78,477.02,18162600,0.0,0.0,MSFT,-0.65,6.78
2026-01-09,472.98,478.73,471.12,478.19,18491000,0.0,0.0,MSFT,1.1,7.61
2026-01-12,475.58,479.89,474.6,476.09,23519900,0.0,0.0,MSFT,0.11,5.29
2026-01-13,473.6,474.7,464.89,469.6,28545800,0.0,0.0,MSFT,-0.84,9.81
2026-01-14,465.4,467.13,456.13,458.33,28184300,0.0,0.0,MSFT,-1.52,11.0
2026-01-15,463.06,463.19,454.86,455.62,23225800,0.0,0.0,MSFT,-1.61,8.33
2026-01-16,456.79,462.14,455.44,458.81,34246700,0.0,0.0,MSFT,0.44,6.7
2026-01-20,450.19,455.76,448.26,453.48,26130000,0.0,0.0,MSFT,0.73,7.5
2026-01-21,451.57,451.66,437.68,443.1,37980500,0.0,0.0,MSFT,-1.88,13.98
2026-01-22,446.6,451.81,443.69,450.11,25349400,0.0,0.0,MSFT,0.79,8.12
2026-01-23,450.84,470.03,449.5,464.89,38000200,0.0,0.0,MSFT,3.12,20.53
2026-01-26,464.25,473.17,460.95,469.21,29291200,0.0,0.0,MSFT,1.07,12.22
2026-01-27,472.62,481.77,472.08,479.49,29213900,0.0,0.0,MSFT,1.45,9.69
2026-01-28,482.11,482.64,476.91,480.53,36875400,0.0,0.0,MSFT,-0.33,5.73
2026-01-29,438.99,441.49,420.06,432.51,128855300,0.0,0.0,MSFT,-1.48,21.43
2026-01-30,438.17,438.6,425.48,429.31,58566800,0.0,0.0,MSFT,-2.02,13.12
2026-02-02,429.26,429.76,421.29,422.41,42219900,0.0,0.0,MSFT,-1.6,8.47
2026-02-03,421.05,421.09,407.63,410.27,61424100,0.0,0.0,MSFT,-2.56,13.46
2026-02-04,410.06,418.84,408.31,413.25,45012400,0.0,0.0,MSFT,0.78,10.53
2026-02-05,406.51,407.37,391.43,392.77,66289200,0.0,0.0,MSFT,-3.38,15.94
2026-02-06,398.26,400.88,392.03,400.23,53515300,0.0,0.0,MSFT,0.49,8.85
2026-02-09,403.93,413.95,399.96,412.66,45480500,0.0,0.0,MSFT,2.16,13.99
2026-02-10,418.66,422.72,411.76,412.33,44857900,0.0,0.0,MSFT,-1.51,10.96
2026-02-11,415.23,415.51,400.1,403.45,42491000,0.0,0.0,MSFT,-2.84,15.41
2026-02-12,404.08,405.27,397.1,400.92,40802400,0.0,0.0,MSFT,-0.78,8.17
2026-02-13,403.53,404.62,397.14,400.41,34091600,0.0,0.0,MSFT,-0.77,7.48
2026-02-17,398.31,399.61,393.63,395.96,32078800,0.0,0.0,MSFT,-0.59,5.98
2026-02-18,397.22,401.64,395.42,398.69,23223400,0.0,0.0,MSFT,0.37,6.22
2026-02-19,400.69,404.43,396.67,398.46,28234000,0.91,0.0,MSFT,-0.56,7.76
2026-02-20,396.11,400.12,395.16,397.23,34015200,0.0,0.0,MSFT,0.28,4.96
2026-02-23,395.0,395.36,383.1,384.47,43238300,0.0,0.0,MSFT,-2.67,12.26
2026-02-24,384.14,389.36,381.71,389.0,33884700,0.0,0.0,MSFT,1.27,7.65
2026-02-25,390.53,401.47,390.16,400.6,43625500,0.0,0.0,MSFT,2.58,11.31
2026-02-26,404.71,407.49,398.74,401.72,34405900,0.0,0.0,MSFT,-0.74,8.75
2026-02-27,390.88,396.82,389.88,392.74,51367200,0.0,0.0,MSFT,0.48,6.94
2026-03-02,392.86,401.19,390.63,398.55,35474900,0.0,0.0,MSFT,1.45,10.56
2026-03-03,393.14,406.7,392.67,403.93,38199200,0.0,0.0,MSFT,2.74,14.03
2026-03-04,401.27,411.03,400.31,405.2,35808000,0.0,0.0,MSFT,0.98,10.72
2026-03-05,404.42,411.61,404.4,410.68,39001300,0.0,0.0,MSFT,1.55,7.21
2026-03-06,409.2,413.05,408.51,408.96,31123900,0.0,0.0,MSFT,-0.06,4.54
2026-03-09,404.92,410.21,403.5,409.41,30131900,0.0,0.0,MSFT,1.11,6.71
2026-03-10,410.03,410.2,402.93,405.76,31706400,0.0,0.0,MSFT,-1.04,7.27
2026-03-11,405.57,409.01,401.59,404.88,25512100,0.0,0.0,MSFT,-0.17,7.42
2026-03-12,404.63,406.12,401.71,401.86,27263900,0.0,0.0,MSFT,-0.68,4.41
2026-03-13,401.0,404.8,394.25,395.55,26848000,0.0,0.0,MSFT,-1.36,10.55
2026-03-16,398.07,400.63,394.79,399.95,27733700,0.0,0.0,MSFT,0.47,5.84
2026-03-17,400.27,404.4,397.75,399.41,26228300,0.0,0.0,MSFT,-0.21,6.65
2026-03-18,397.13,398.0,391.0,391.79,25908500,0.0,0.0,MSFT,-1.34,7.0
2026-03-19,390.1,392.49,387.06,389.02,25138800,0.0,0.0,MSFT,-0.28,5.43
2026-03-20,386.79,387.0,380.12,381.87,50853200,0.0,0.0,MSFT,-1.27,6.88
2026-03-23,383.9,387.21,381.68,383.0,29680100,0.0,0.0,MSFT,-0.23,5.53
2026-03-24,382.36,382.47,371.85,372.74,42733600,0.0,0.0,MSFT,-2.52,10.62
2026-03-25,376.92,377.06,369.63,371.04,31181200,0.0,0.0,MSFT,-1.56,7.43
2026-03-26,370.82,374.72,365.19,365.97,36836600,0.0,0.0,MSFT,-1.31,9.53
2026-03-27,361.9,362.45,356.51,356.77,37883400,0.0,0.0,MSFT,-1.42,5.94
2026-03-30,361.9,365.36,356.28,358.96,44797000,0.0,0.0,MSFT,-0.81,9.08
2026-03-31,364.55,372.9,363.07,370.17,45244400,0.0,0.0,MSFT,1.54,9.83
2026-04-01,373.49,373.99,368.2,369.37,29417200,0.0,0.0,MSFT,-1.1,5.79
2026-04-02,367.21,373.64,364.15,373.46,24099100,0.0,0.0,MSFT,1.7,9.49
2026-04-06,373.49,373.73,369.5,372.88,16146600,0.0,0.0,MSFT,-0.16,4.23
2026-04-07,370.34,372.45,366.56,372.29,21443300,0.0,0.0,MSFT,0.53,5.89
2026-04-08,384.98,385.0,371.41,374.33,33064800,0.0,0.0,MSFT,-2.77,13.59
2026-04-09,372.5,373.5,367.05,373.07,30435300,0.0,0.0,MSFT,0.15,6.45
2026-04-10,372.98,375.64,370.03,370.87,28111100,0.0,0.0,MSFT,-0.57,5.61
2026-04-13,373.61,384.54,371.02,384.37,35745800,0.0,0.0,MSFT,2.88,13.52
2026-04-14,387.92,394.69,386.52,393.11,37504500,0.0,0.0,MSFT,1.34,8.17
2026-04-15,398.0,414.37,396.73,411.22,45063400,0.0,0.0,MSFT,3.32,17.64
2026-04-16,419.86,420.82,412.14,420.26,41642400,0.0,0.0,MSFT,0.1,8.68
2026-04-17,424.82,431.58,420.69,422.79,48568200,0.0,0.0,MSFT,-0.48,10.89
2026-04-20,421.15,423.33,416.3,418.07,27582200,0.0,0.0,MSFT,-0.73,7.03
2026-04-21,420.24,427.18,417.2,424.16,32048500,0.0,0.0,MSFT,0.93,9.98
2026-04-22,426.19,433.7,423.67,432.92,29378200,0.0,0.0,MSFT,1.58,10.03
2026-04-23,419.89,423.66,411.41,415.75,38308000,0.0,0.0,MSFT,-0.99,12.25
2026-04-24,416.97,424.95,415.8,424.62,27457400,0.0,0.0,MSFT,1.83,9.15
2026-04-27,422.38,427.11,417.07,424.82,30867300,0.0,0.0,MSFT,0.58,10.04
2026-04-28,424.57,429.92,421.9,429.25,30438100,0.0,0.0,MSFT,1.1,8.02
2026-04-29,424.58,426.82,420.29,424.26,21500136,0.0,0.0,MSFT,-0.08,6.53
2025-04-29,285.5,293.32,279.47,292.03,108906600,0.0,0.0,TSLA,2.29,13.85
2025-04-30,279.9,284.45,270.78,282.16,128961100,0.0,0.0,TSLA,0.81,13.67
2025-05-01,280.01,290.87,279.81,280.52,99659000,0.0,0.0,TSLA,0.18,11.06
2025-05-02,284.9,294.78,279.81,287.21,114454700,0.0,0.0,TSLA,0.81,14.97
2025-05-05,284.57,284.85,274.4,280.26,94618900,0.0,0.0,TSLA,-1.51,10.45
2025-05-06,273.11,277.73,271.35,275.35,76715800,0.0,0.0,TSLA,0.82,6.38
2025-05-07,276.88,277.92,271.0,276.22,71592600,0.0,0.0,TSLA,-0.24,6.92
2025-05-08,279.63,289.8,279.41,284.82,97539400,0.0,0.0,TSLA,1.86,10.39
2025-05-09,290.21,307.04,290.0,298.26,132387800,0.0,0.0,TSLA,2.77,17.04
2025-05-12,321.99,322.21,311.5,318.38,112826700,0.0,0.0,TSLA,-1.12,10.71
2025-05-13,320.0,337.59,316.8,334.07,136992600,0.0,0.0,TSLA,4.4,20.79
2025-05-14,342.5,350.0,337.0,347.68,136997300,0.0,0.0,TSLA,1.51,13.0
2025-05-15,340.34,346.14,334.72,342.82,97882600,0.0,0.0,TSLA,0.73,11.42
2025-05-16,346.24,351.62,342.33,349.98,95895700,0.0,0.0,TSLA,1.08,9.29
2025-05-19,336.3,343.0,333.37,342.09,88869900,0.0,0.0,TSLA,1.72,9.63
2025-05-20,347.87,354.99,341.63,343.82,131715500,0.0,0.0,TSLA,-1.16,13.36
2025-05-21,344.43,347.35,332.2,334.62,102354800,0.0,0.0,TSLA,-2.85,15.15
2025-05-22,331.9,347.27,331.39,341.04,97113400,0.0,0.0,TSLA,2.75,15.88
2025-05-23,337.92,343.18,333.21,339.34,84654800,0.0,0.0,TSLA,0.42,9.97
2025-05-27,347.35,363.79,347.32,362.89,120146400,0.0,0.0,TSLA,4.47,16.47
2025-05-28,364.84,365.0,355.91,356.9,91404300,0.0,0.0,TSLA,-2.18,9.09
2025-05-29,365.29,367.71,356.0,358.43,88087800,0.0,0.0,TSLA,-1.88,11.71
2025-05-30,355.52,363.68,345.29,346.46,123474900,0.0,0.0,TSLA,-2.55,18.39
2025-06-02,343.5,348.02,333.33,342.69,81873800,0.0,0.0,TSLA,-0.24,14.69
2025-06-03,346.6,355.4,343.04,344.27,99324500,0.0,0.0,TSLA,-0.67,12.36
2025-06-04,345.1,345.6,327.33,332.05,98912100,0.0,0.0,TSLA,-3.78,18.27
2025-06-05,322.49,324.55,273.21,284.7,287499800,0.0,0.0,TSLA,-11.72,51.34
2025-06-06,298.83,305.5,291.14,295.14,164747700,0.0,0.0,TSLA,-1.23,14.36
2025-06-09,285.96,309.83,281.85,308.58,140908900,0.0,0.0,TSLA,7.91,27.98
2025-06-10,314.94,327.83,310.67,326.09,151256500,0.0,0.0,TSLA,3.54,17.16
2025-06-11,334.4,335.5,322.5,326.43,122611400,0.0,0.0,TSLA,-2.38,13.0
2025-06-12,323.08,332.56,316.86,319.11,105127500,0.0,0.0,TSLA,-1.23,15.7
2025-06-13,313.97,332.99,313.3,325.31,128964300,0.0,0.0,TSLA,3.61,19.69
2025-06-16,331.29,332.05,326.41,329.13,83925900,0.0,0.0,TSLA,-0.65,5.64
2025-06-17,326.09,327.26,314.74,316.35,88282700,0.0,0.0,TSLA,-2.99,12.52
2025-06-18,317.31,329.32,315.45,322.05,95137700,0.0,0.0,TSLA,1.49,13.87
2025-06-20,327.95,332.36,317.78,322.16,108688000,0.0,0.0,TSLA,-1.77,14.58
2025-06-23,327.54,357.54,327.48,348.68,190716800,0.0,0.0,TSLA,6.45,30.06
2025-06-24,356.17,356.26,340.44,340.47,114736200,0.0,0.0,TSLA,-4.41,15.82
2025-06-25,342.7,343.0,320.4,327.55,119845100,0.0,0.0,TSLA,-4.42,22.6
2025-06-26,324.61,331.05,323.61,325.78,80440900,0.0,0.0,TSLA,0.36,7.44
2025-06-27,324.51,329.34,317.5,323.63,89067000,0.0,0.0,TSLA,-0.27,11.84
2025-06-30,319.9,325.58,316.6,317.66,76695100,0.0,0.0,TSLA,-0.7,8.98
2025-07-01,298.46,305.89,293.21,300.71,145085700,0.0,0.0,TSLA,0.75,12.68
2025-07-02,312.63,316.83,303.82,315.65,119483700,0.0,0.0,TSLA,0.97,13.01
2025-07-03,317.99,318.45,312.76,315.35,58042300,0.0,0.0,TSLA,-0.83,5.69
2025-07-07,291.37,296.15,288.77,293.94,131177900,0.0,0.0,TSLA,0.88,7.38
2025-07-08,297.0,304.05,294.35,297.81,103246700,0.0,0.0,TSLA,0.27,9.7
2025-07-09,297.55,300.15,293.55,295.88,75586800,0.0,0.0,TSLA,-0.56,6.6
2025-07-10,300.05,310.48,300.0,309.87,104365300,0.0,0.0,TSLA,3.27,10.48
2025-07-11,307.89,314.09,305.65,313.51,79236400,0.0,0.0,TSLA,1.83,8.44
2025-07-14,317.73,322.6,312.67,316.9,78043400,0.0,0.0,TSLA,-0.26,9.93
2025-07-15,319.68,321.2,310.5,310.78,77556300,0.0,0.0,TSLA,-2.78,10.7
2025-07-16,312.8,323.5,312.62,321.67,97284800,0.0,0.0,TSLA,2.84,10.88
2025-07-17,323.15,324.34,317.06,319.41,73922900,0.0,0.0,TSLA,-1.16,7.28
2025-07-18,321.66,330.9,321.42,329.65,94255000,0.0,0.0,TSLA,2.48,9.48
2025-07-21,334.4,338.0,326.88,328.49,75768800,0.0,0.0,TSLA,-1.77,11.12
2025-07-22,329.74,335.41,321.55,332.11,77370400,0.0,0.0,TSLA,0.72,13.86
2025-07-23,330.9,336.2,328.67,332.56,92553800,0.0,0.0,TSLA,0.5,7.53
2025-07-24,310.0,310.15,300.41,305.3,156966000,0.0,0.0,TSLA,-1.52,9.74
2025-07-25,308.74,323.63,308.01,316.06,148227000,0.0,0.0,TSLA,2.37,15.62
2025-07-28,318.45,330.49,315.69,325.59,112673800,0.0,0.0,TSLA,2.24,14.8
2025-07-29,325.55,326.25,318.25,321.2,87358900,0.0,0.0,TSLA,-1.34,8.0
2025-07-30,322.18,324.45,311.62,319.04,83931900,0.0,0.0,TSLA,-0.97,12.83
2025-07-31,319.61,321.37,306.1,308.27,85270900,0.0,0.0,TSLA,-3.55,15.27
2025-08-01,306.21,309.31,297.82,302.63,89121400,0.0,0.0,TSLA,-1.17,11.49
2025-08-04,309.08,312.12,303.0,309.26,78683900,0.0,0.0,TSLA,0.06,9.12
2025-08-05,308.95,312.45,305.5,308.72,57961300,0.0,0.0,TSLA,-0.07,6.95
2025-08-06,307.89,320.47,306.93,319.91,78523600,0.0,0.0,TSLA,3.9,13.54
2025-08-07,319.79,322.4,316.16,322.27,66658700,0.0,0.0,TSLA,0.78,6.24
2025-08-08,321.43,335.15,320.98,329.65,91200300,0.0,0.0,TSLA,2.56,14.17
2025-08-11,335.0,346.64,334.15,339.03,105320200,0.0,0.0,TSLA,1.2,12.49
2025-08-12,345.0,345.26,332.94,340.84,80522100,0.0,0.0,TSLA,-1.21,12.32
2025-08-13,341.5,348.98,338.2,339.38,67838900,0.0,0.0,TSLA,-0.62,10.78
2025-08-14,335.76,340.47,330.4,335.58,75000700,0.0,0.0,TSLA,-0.05,10.07
2025-08-15,337.66,339.3,327.02,330.56,74319800,0.0,0.0,TSLA,-2.1,12.28
2025-08-18,329.62,336.27,329.59,335.16,56956600,0.0,0.0,TSLA,1.68,6.68
2025-08-19,335.79,340.55,327.85,329.31,75956000,0.0,0.0,TSLA,-1.93,12.7
2025-08-20,329.22,331.37,314.6,323.9,77481800,0.0,0.0,TSLA,-1.62,16.77
2025-08-21,322.08,324.9,318.68,320.11,55744400,0.0,0.0,TSLA,-0.61,6.22
2025-08-22,321.66,340.25,319.69,340.01,94016300,0.0,0.0,TSLA,5.7,20.56
2025-08-25,338.9,349.53,335.03,346.6,86670000,0.0,0.0,TSLA,2.27,14.5
2025-08-26,344.93,351.9,343.72,351.67,76651600,0.0,0.0,TSLA,1.95,8.18
2025-08-27,351.94,355.39,349.16,349.6,65519000,0.0,0.0,TSLA,-0.66,6.23
2025-08-28,350.91,353.55,340.26,345.98,67903200,0.0,0.0,TSLA,-1.4,13.29
2025-08-29,347.23,348.75,331.7,333.87,81145700,0.0,0.0,TSLA,-3.85,17.05
2025-09-02,328.23,333.33,325.6,329.36,58392000,0.0,0.0,TSLA,0.34,7.73
2025-09-03,335.2,343.33,328.51,334.09,88733300,0.0,0.0,TSLA,-0.33,14.82
2025-09-04,336.15,338.89,331.48,338.53,60711000,0.0,0.0,TSLA,0.71,7.41
2025-09-05,348.0,355.87,344.68,350.84,108989800,0.0,0.0,TSLA,0.82,11.19
2025-09-08,354.64,358.44,344.84,346.4,75208300,0.0,0.0,TSLA,-2.32,13.6
2025-09-09,348.44,350.77,343.82,346.97,53816000,0.0,0.0,TSLA,-0.42,6.95
2025-09-10,350.55,356.33,346.07,347.79,72121700,0.0,0.0,TSLA,-0.79,10.26
2025-09-11,350.17,368.99,347.6,368.81,103756000,0.0,0.0,TSLA,5.32,21.39
2025-09-12,370.94,396.69,370.24,395.94,168156400,0.0,0.0,TSLA,6.74,26.45
2025-09-15,423.13,425.7,402.43,410.04,163823700,0.0,0.0,TSLA,-3.09,23.27
2025-09-16,414.5,423.25,411.43,421.62,104285700,0.0,0.0,TSLA,1.72,11.82
2025-09-17,415.75,428.31,409.67,425.86,106133500,0.0,0.0,TSLA,2.43,18.64
2025-09-18,428.87,432.22,416.56,416.85,90454500,0.0,0.0,TSLA,-2.8,15.66
2025-09-19,421.82,429.47,421.72,426.07,93131000,0.0,0.0,TSLA,1.01,7.75
2025-09-22,431.11,444.98,429.13,434.21,97108800,0.0,0.0,TSLA,0.72,15.85
2025-09-23,439.88,440.97,423.72,425.85,83422700,0.0,0.0,TSLA,-3.19,17.25
2025-09-24,429.83,444.21,429.03,442.79,93133600,0.0,0.0,TSLA,3.02,15.18
2025-09-25,435.24,435.35,419.08,423.39,96746400,0.0,0.0,TSLA,-2.72,16.27
2025-09-26,428.3,440.47,421.02,440.4,101628200,0.0,0.0,TSLA,2.83,19.45
2025-09-29,444.35,450.98,439.5,443.21,79491500,0.0,0.0,TSLA,-0.26,11.48
2025-09-30,441.52,445.0,433.12,444.72,74358000,0.0,0.0,TSLA,0.72,11.88
2025-10-01,443.8,462.29,440.75,459.46,98122300,0.0,0.0,TSLA,3.53,21.54
2025-10-02,470.54,470.75,435.57,436.0,137009000,0.0,0.0,TSLA,-7.34,35.18
2025-10-03,443.29,446.77,416.58,429.83,133188200,0.0,0.0,TSLA,-3.04,30.19
2025-10-06,440.75,453.55,436.69,453.25,85324900,0.0,0.0,TSLA,2.84,16.86
2025-10-07,447.82,452.68,432.45,433.09,102296100,0.0,0.0,TSLA,-3.29,20.23
2025-10-08,437.57,441.33,425.23,438.69,71192100,0.0,0.0,TSLA,0.26,16.1
2025-10-09,431.81,436.35,426.18,435.54,69339900,0.0,0.0,TSLA,0.86,10.17
2025-10-10,436.54,443.13,411.45,413.49,112107900,0.0,0.0,TSLA,-5.28,31.68
2025-10-13,423.53,436.89,419.7,435.9,79552800,0.0,0.0,TSLA,2.92,17.19
2025-10-14,426.79,434.2,417.86,429.24,72669400,0.0,0.0,TSLA,0.57,16.34
2025-10-15,434.9,440.51,426.33,435.15,71558200,0.0,0.0,TSLA,0.06,14.18
2025-10-16,434.73,439.35,421.31,428.75,77189900,0.0,0.0,TSLA,-1.38,18.04
2025-10-17,425.5,441.46,423.6,439.31,89331600,0.0,0.0,TSLA,3.25,17.86
2025-10-20,443.87,449.8,440.61,447.43,63719000,0.0,0.0,TSLA,0.8,9.19
2025-10-21,445.76,449.3,442.05,442.6,54412200,0.0,0.0,TSLA,-0.71,7.25
2025-10-22,443.45,445.54,429.0,438.97,84023500,0.0,0.0,TSLA,-1.01,16.54
2025-10-23,420.0,449.4,413.9,448.98,126709800,0.0,0.0,TSLA,6.9,35.5
2025-10-24,446.83,451.68,430.17,433.72,94727800,0.0,0.0,TSLA,-2.93,21.51
2025-10-27,439.98,460.16,438.69,452.42,105867500,0.0,0.0,TSLA,2.83,21.47
2025-10-28,454.78,467.0,451.6,460.55,80185700,0.0,0.0,TSLA,1.27,15.4
2025-10-29,462.5,465.7,452.65,461.51,67983500,0.0,0.0,TSLA,-0.21,13.05
2025-10-30,451.05,455.06,439.61,440.1,72447900,0.0,0.0,TSLA,-2.43,15.45
2025-10-31,446.75,458.0,443.69,456.56,83135800,0.0,0.0,TSLA,2.2,14.31
2025-11-03,455.99,474.07,453.8,468.37,84595200,0.0,0.0,TSLA,2.71,20.27
2025-11-04,454.46,460.22,443.6,444.26,87756600,0.0,0.0,TSLA,-2.24,16.62
2025-11-05,452.05,466.33,440.71,462.07,85573000,0.0,0.0,TSLA,2.22,25.62
2025-11-06,461.96,467.45,435.09,445.91,109622900,0.0,0.0,TSLA,-3.47,32.36
2025-11-07,437.92,439.36,421.88,429.52,103471500,0.0,0.0,TSLA,-1.92,17.48
2025-11-10,439.6,449.67,433.36,445.23,76515900,0.0,0.0,TSLA,1.28,16.31
2025-11-11,439.4,442.49,432.36,439.62,60533200,0.0,0.0,TSLA,0.05,10.13
2025-11-12,442.15,442.33,426.56,430.6,58513500,0.0,0.0,TSLA,-2.61,15.77
2025-11-13,423.13,424.5,396.34,401.99,118948000,0.0,0.0,TSLA,-5.0,28.16
2025-11-14,386.3,412.19,382.78,404.35,105506700,0.0,0.0,TSLA,4.67,29.41
2025-11-17,398.74,423.96,398.74,408.92,102214300,0.0,0.0,TSLA,2.55,25.22
2025-11-18,405.38,408.9,393.71,401.25,80688600,0.0,0.0,TSLA,-1.02,15.19
2025-11-19,406.18,411.78,398.5,403.99,72047700,0.0,0.0,TSLA,-0.54,13.28
2025-11-20,414.63,428.94,394.74,395.23,113548800,0.0,0.0,TSLA,-4.68,34.2
2025-11-21,402.32,402.8,383.76,391.09,100460600,0.0,0.0,TSLA,-2.79,19.04
2025-11-24,402.17,421.72,401.09,417.78,96806400,0.0,0.0,TSLA,3.88,20.63
2025-11-25,414.42,420.48,405.95,419.4,71915600,0.0,0.0,TSLA,1.2,14.53
2025-11-26,423.95,426.94,416.89,426.58,63463000,0.0,0.0,TSLA,0.62,10.05
2025-11-28,426.59,432.93,426.2,430.17,36252900,0.0,0.0,TSLA,0.84,6.73
2025-12-01,425.32,433.66,425.29,430.14,57463600,0.0,0.0,TSLA,1.13,8.37
2025-12-02,430.81,436.8,422.12,429.24,69336600,0.0,0.0,TSLA,-0.36,14.68
2025-12-03,432.1,447.92,431.11,446.74,87483000,0.0,0.0,TSLA,3.39,16.81
2025-12-04,449.94,454.63,445.39,454.53,71906500,0.0,0.0,TSLA,1.02,9.24
2025-12-05,453.03,458.87,451.66,455.0,56427500,0.0,0.0,TSLA,0.43,7.21
2025-12-08,447.45,449.75,435.25,439.58,69165800,0.0,0.0,TSLA,-1.76,14.5
2025-12-09,437.54,452.39,435.7,445.17,62367400,0.0,0.0,TSLA,1.74,16.69
2025-12-10,446.07,456.88,443.61,451.45,63257500,0.0,0.0,TSLA,1.21,13.27
2025-12-11,448.95,449.27,440.33,446.89,55979500,0.0,0.0,TSLA,-0.46,8.94
2025-12-12,448.09,463.01,441.67,458.96,95656700,0.0,0.0,TSLA,2.43,21.34
2025-12-15,469.44,481.77,467.66,475.31,114542200,0.0,0.0,TSLA,1.25,14.11
2025-12-16,472.21,491.5,465.83,489.88,107608100,0.0,0.0,TSLA,3.74,25.67
2025-12-17,488.22,495.28,466.2,467.26,106490400,0.0,0.0,TSLA,-4.29,29.08
2025-12-18,478.16,490.86,473.12,483.37,95168400,0.0,0.0,TSLA,1.09,17.74
2025-12-19,488.12,490.49,474.72,481.2,103305400,0.0,0.0,TSLA,-1.42,15.77
2025-12-22,489.88,498.83,485.33,488.73,86916100,0.0,0.0,TSLA,-0.23,13.5
2025-12-23,489.4,491.97,482.84,485.56,58223600,0.0,0.0,TSLA,-0.78,9.13
2025-12-24,488.48,490.9,476.8,485.4,41285400,0.0,0.0,TSLA,-0.63,14.1
2025-12-26,485.23,489.09,473.82,475.19,58780700,0.0,0.0,TSLA,-2.07,15.27
2025-12-29,469.0,469.4,459.0,459.64,66263000,0.0,0.0,TSLA,-2.0,10.4
2025-12-30,461.09,463.12,453.83,454.43,59238500,0.0,0.0,TSLA,-1.44,9.29
2025-12-31,456.1,456.55,449.3,449.72,49078000,0.0,0.0,TSLA,-1.4,7.25
2026-01-02,457.8,458.34,435.3,438.07,85535400,0.0,0.0,TSLA,-4.31,23.04
2026-01-05,447.99,457.55,444.57,451.67,67940800,0.0,0.0,TSLA,0.82,12.98
2026-01-06,446.38,448.25,428.78,432.96,89093800,0.0,0.0,TSLA,-3.01,19.47
2026-01-07,435.9,438.37,431.29,431.41,59828800,0.0,0.0,TSLA,-1.03,7.08
2026-01-08,427.89,436.89,424.37,435.8,57041100,0.0,0.0,TSLA,1.85,12.52
2026-01-09,435.95,449.05,430.39,445.01,67331500,0.0,0.0,TSLA,2.08,18.66
2026-01-12,441.23,454.3,438.0,448.96,61649600,0.0,0.0,TSLA,1.75,16.3
2026-01-13,450.2,451.81,443.95,447.2,53719200,0.0,0.0,TSLA,-0.67,7.86
2026-01-14,442.81,443.91,434.22,439.2,57259500,0.0,0.0,TSLA,-0.82,9.69
2026-01-15,441.13,445.36,437.65,438.57,49465800,0.0,0.0,TSLA,-0.58,7.71
2026-01-16,439.5,447.25,435.26,437.5,60220600,0.0,0.0,TSLA,-0.46,11.99
2026-01-20,429.36,430.73,417.44,419.25,63187300,0.0,0.0,TSLA,-2.35,13.29
2026-01-21,421.66,438.2,419.62,431.44,68124000,0.0,0.0,TSLA,2.32,18.58
2026-01-22,435.16,449.5,432.63,449.36,71546700,0.0,0.0,TSLA,3.26,16.87
2026-01-23,447.43,452.43,444.04,449.06,56771400,0.0,0.0,TSLA,0.36,8.39
2026-01-26,445.0,445.04,434.28,435.2,49397400,0.0,0.0,TSLA,-2.2,10.76
2026-01-27,437.41,437.52,430.69,430.9,37733100,0.0,0.0,TSLA,-1.49,6.83
2026-01-28,431.91,438.26,430.1,431.46,54857400,0.0,0.0,TSLA,-0.1,8.16
2026-01-29,437.8,440.23,414.62,416.56,81686100,0.0,0.0,TSLA,-4.85,25.61
2026-01-30,425.35,439.88,422.7,430.41,82626100,0.0,0.0,TSLA,1.19,17.18
2026-02-02,421.29,427.15,414.5,421.81,58739500,0.0,0.0,TSLA,0.12,12.65
2026-02-03,424.27,428.56,413.69,421.96,56886500,0.0,0.0,TSLA,-0.54,14.87
2026-02-04,420.46,423.9,399.18,406.01,74606900,0.0,0.0,TSLA,-3.44,24.72
2026-02-05,397.02,402.1,387.53,397.21,72819800,0.0,0.0,TSLA,0.05,14.57
2026-02-06,400.87,414.55,397.75,411.11,62677100,0.0,0.0,TSLA,2.55,16.8
2026-02-09,409.91,421.25,407.29,417.32,54484300,0.0,0.0,TSLA,1.81,13.96
2026-02-10,418.08,427.25,417.0,425.21,64450200,0.0,0.0,TSLA,1.71,10.25
2026-02-11,427.96,436.35,420.03,428.27,57362000,0.0,0.0,TSLA,0.07,16.32
2026-02-12,430.3,436.23,414.0,417.07,61933400,0.0,0.0,TSLA,-3.07,22.23
2026-02-13,414.31,424.06,410.88,417.44,51434100,0.0,0.0,TSLA,0.76,13.18
2026-02-17,412.36,413.72,400.51,410.63,59678800,0.0,0.0,TSLA,-0.42,13.21
2026-02-18,411.11,416.9,409.58,411.32,45921400,0.0,0.0,TSLA,0.05,7.32
2026-02-19,407.25,415.25,404.11,411.71,51019600,0.0,0.0,TSLA,1.1,11.14
2026-02-20,408.3,414.7,405.5,411.82,57912200,0.0,0.0,TSLA,0.86,9.2
2026-02-23,407.29,407.7,394.04,399.83,69680000,0.0,0.0,TSLA,-1.83,13.66
2026-02-24,399.5,410.82,397.64,409.38,58579500,0.0,0.0,TSLA,2.47,13.18
2026-02-25,412.15,420.34,412.15,417.4,54809700,0.0,0.0,TSLA,1.27,8.19
2026-02-26,414.42,416.81,403.66,408.58,53602500,0.0,0.0,TSLA,-1.41,13.15
2026-02-27,402.94,407.12,398.11,402.51,56890100,0.0,0.0,TSLA,-0.11,9.01
2026-03-02,390.6,404.54,388.25,403.32,55088300,0.0,0.0,TSLA,3.26,16.29
2026-03-03,395.09,396.34,385.39,392.43,62617300,0.0,0.0,TSLA,-0.67,10.95
2026-03-04,397.85,408.33,394.58,405.94,68305500,0.0,0.0,TSLA,2.03,13.75
2026-03-05,401.57,408.62,399.42,405.55,51925900,0.0,0.0,TSLA,0.99,9.2
2026-03-06,398.09,402.35,394.21,396.73,64054600,0.0,0.0,TSLA,-0.34,8.14
2026-03-09,390.05,401.59,381.4,398.68,67018900,0.0,0.0,TSLA,2.21,20.19
2026-03-10,402.22,406.59,398.19,399.24,59258700,0.0,0.0,TSLA,-0.74,8.4
2026-03-11,402.28,416.38,402.15,407.82,62559900,0.0,0.0,TSLA,1.38,14.23
2026-03-12,405.18,406.5,394.65,395.01,60973800,0.0,0.0,TSLA,-2.51,11.85
2026-03-13,399.17,400.2,389.95,391.2,58504100,0.0,0.0,TSLA,-2.0,10.25
2026-03-16,396.22,403.73,394.42,395.56,58068300,0.0,0.0,TSLA,-0.17,9.31
2026-03-17,395.69,400.12,393.0,399.27,46890500,0.0,0.0,TSLA,0.9,7.12
2026-03-18,399.0,403.07,392.31,392.78,50853100,0.0,0.0,TSLA,-1.56,10.76
2026-03-19,387.27,387.27,378.73,380.3,67078300,0.0,0.0,TSLA,-1.8,8.54
2026-03-20,379.85,379.89,364.46,367.96,78628600,0.0,0.0,TSLA,-3.13,15.43
2026-03-23,373.09,385.33,372.73,380.85,74606000,0.0,0.0,TSLA,2.08,12.6
2026-03-24,376.56,387.48,376.31,383.03,60004900,0.0,0.0,TSLA,1.72,11.17
2026-03-25,389.99,396.23,385.01,385.95,55157300,0.0,0.0,TSLA,-1.04,11.22
2026-03-26,381.6,384.44,371.87,372.11,55522900,0.0,0.0,TSLA,-2.49,12.57
2026-03-27,369.69,369.86,359.47,361.83,62065700,0.0,0.0,TSLA,-2.13,10.39
2026-03-30,365.86,367.29,352.14,355.28,67954400,0.0,0.0,TSLA,-2.89,15.15
2026-03-31,361.51,373.33,361.0,371.75,75534900,0.0,0.0,TSLA,2.83,12.33
2026-04-01,378.63,383.14,374.08,381.26,58683800,0.0,0.0,TSLA,0.69,9.06
2026-04-02,364.2,370.28,359.03,360.59,83031200,0.0,0.0,TSLA,-0.99,11.25
2026-04-06,362.59,367.72,346.64,352.82,77697600,0.0,0.0,TSLA,-2.69,21.08
2026-04-07,346.44,348.02,337.24,346.65,74515400,0.0,0.0,TSLA,0.06,10.78
2026-04-08,363.79,364.5,339.67,343.25,78838600,0.0,0.0,TSLA,-5.65,24.83
2026-04-09,343.15,348.88,337.25,345.62,62164000,0.0,0.0,TSLA,0.72,11.63
2026-04-10,346.29,350.36,342.74,348.95,51336000,0.0,0.0,TSLA,0.77,7.62
2026-04-13,350.07,356.35,348.57,352.42,53617500,0.0,0.0,TSLA,0.67,7.78
2026-04-14,357.67,367.63,354.77,364.2,59979600,0.0,0.0,TSLA,1.83,12.86
2026-04-15,366.83,394.65,362.5,391.95,113810400,0.0,0.0,TSLA,6.85,32.15
2026-04-16,393.81,394.06,381.8,388.9,63515100,0.0,0.0,TSLA,-1.25,12.26
2026-04-17,395.92,409.28,391.65,400.62,90640000,0.0,0.0,TSLA,1.19,17.63
2026-04-20,402.58,406.8,388.33,392.5,64603900,0.0,0.0,TSLA,-2.5,18.47
2026-04-21,393.0,393.95,385.22,386.42,50530600,0.0,0.0,TSLA,-1.67,8.73
2026-04-22,387.57,393.01,385.3,387.51,62362800,0.0,0.0,TSLA,-0.02,7.71
2026-04-23,375.28,386.0,368.39,373.72,93969500,0.0,0.0,TSLA,-0.42,17.61
2026-04-24,373.5,382.76,370.73,376.3,62893300,0.0,0.0,TSLA,0.75,12.03
2026-04-27,372.09,380.78,364.02,378.67,66735800,0.0,0.0,TSLA,1.77,16.76
2026-04-28,374.68,382.29,372.54,376.02,50864400,0.0,0.0,TSLA,0.36,9.75
2026-04-29,375.39,376.4,370.04,372.64,39199373,0.0,0.0,TSLA,-0.73,6.36
2025-04-29,183.99,188.02,183.68,187.39,41667300,0.0,0.0,AMZN,1.85,4.34
2025-04-30,182.17,185.05,178.85,184.42,55176500,0.0,0.0,AMZN,1.24,6.2
2025-05-01,190.63,191.81,187.5,190.2,74266000,0.0,0.0,AMZN,-0.23,4.31
2025-05-02,191.44,192.88,186.4,189.98,77903500,0.0,0.0,AMZN,-0.76,6.48
2025-05-05,186.51,188.18,185.53,186.35,35217500,0.0,0.0,AMZN,-0.09,2.65
2025-05-06,184.57,187.93,183.85,185.01,29314100,0.0,0.0,AMZN,0.24,4.08
2025-05-07,185.56,190.99,185.01,188.71,43948600,0.0,0.0,AMZN,1.7,5.98
2025-05-08,191.43,194.33,188.82,192.08,41043600,0.0,0.0,AMZN,0.34,5.51
2025-05-09,193.38,194.69,191.16,193.06,29663100,0.0,0.0,AMZN,-0.17,3.53
2025-05-12,210.71,211.66,205.75,208.64,75205000,0.0,0.0,AMZN,-0.98,5.91
2025-05-13,211.08,214.84,210.1,211.37,56193700,0.0,0.0,AMZN,0.14,4.74
2025-05-14,211.45,211.93,208.85,210.25,38492100,0.0,0.0,AMZN,-0.57,3.08
2025-05-15,206.45,206.88,202.67,205.17,64347300,0.0,0.0,AMZN,-0.62,4.21
2025-05-16,206.85,206.85,204.37,205.59,43318500,0.0,0.0,AMZN,-0.61,2.48
2025-05-19,201.65,206.62,201.26,206.16,34314800,0.0,0.0,AMZN,2.24,5.36
2025-05-20,204.63,205.59,202.65,204.07,29470400,0.0,0.0,AMZN,-0.27,2.94
2025-05-21,201.61,203.46,200.06,201.12,42460900,0.0,0.0,AMZN,-0.24,3.4
2025-05-22,201.38,205.76,200.16,203.1,38938900,0.0,0.0,AMZN,0.85,5.6
2025-05-23,198.9,202.37,197.85,200.99,33393500,0.0,0.0,AMZN,1.05,4.52
2025-05-27,203.09,206.69,202.19,206.02,34892000,0.0,0.0,AMZN,1.44,4.5
2025-05-28,205.92,207.66,204.41,204.72,28549800,0.0,0.0,AMZN,-0.58,3.25
2025-05-29,208.03,208.81,204.23,205.7,34650000,0.0,0.0,AMZN,-1.12,4.58
2025-05-30,204.84,205.99,201.7,205.01,51679400,0.0,0.0,AMZN,0.08,4.29
2025-06-02,204.98,207.0,202.68,206.65,29113300,0.0,0.0,AMZN,0.81,4.32
2025-06-03,207.11,208.95,205.03,205.71,33139100,0.0,0.0,AMZN,-0.68,3.92
2025-06-04,206.55,208.18,205.18,207.23,29915600,0.0,0.0,AMZN,0.33,3.0
2025-06-05,209.55,212.81,207.56,207.91,51864200,0.0,0.0,AMZN,-0.78,5.25
2025-06-06,212.4,213.87,210.5,213.57,39832500,0.0,0.0,AMZN,0.55,3.37
2025-06-09,214.75,217.85,212.88,216.98,38102500,0.0,0.0,AMZN,1.04,4.97
2025-06-10,216.78,217.69,214.15,217.61,31303300,0.0,0.0,AMZN,0.38,3.54
2025-06-11,217.41,218.4,212.89,213.2,39326000,0.0,0.0,AMZN,-1.94,5.51
2025-06-12,211.78,213.58,211.33,213.24,27640000,0.0,0.0,AMZN,0.69,2.25
2025-06-13,209.96,214.05,209.62,212.1,29337800,0.0,0.0,AMZN,1.02,4.43
2025-06-16,212.31,217.06,211.6,216.1,33284200,0.0,0.0,AMZN,1.79,5.46
2025-06-17,215.2,217.41,214.56,214.82,32086300,0.0,0.0,AMZN,-0.18,2.85
2025-06-18,215.09,217.96,212.34,212.52,44360500,0.0,0.0,AMZN,-1.19,5.62
2025-06-20,214.68,214.89,208.27,209.69,75350700,0.0,0.0,AMZN,-2.32,6.62
2025-06-23,209.79,210.39,207.31,208.47,37311700,0.0,0.0,AMZN,-0.63,3.08
2025-06-24,212.14,214.34,211.05,212.77,38378800,0.0,0.0,AMZN,0.3,3.29
2025-06-25,214.62,216.03,211.11,211.99,31755700,0.0,0.0,AMZN,-1.23,4.92
2025-06-26,213.12,218.04,212.01,217.12,50480800,0.0,0.0,AMZN,1.88,6.03
2025-06-27,219.92,223.3,216.74,223.3,119217100,0.0,0.0,AMZN,1.54,6.56
2025-06-30,223.52,223.82,219.12,219.39,58887800,0.0,0.0,AMZN,-1.85,4.7
2025-07-01,219.5,221.88,217.93,220.46,39256800,0.0,0.0,AMZN,0.44,3.95
2025-07-02,219.73,221.6,219.06,219.92,30894200,0.0,0.0,AMZN,0.09,2.54
2025-07-03,221.82,224.01,221.36,223.41,29632400,0.0,0.0,AMZN,0.72,2.65
2025-07-07,223.0,224.29,222.37,223.47,36604100,0.0,0.0,AMZN,0.21,1.92
2025-07-08,223.92,224.0,218.43,219.36,45692000,0.0,0.0,AMZN,-2.04,5.57
2025-07-09,221.07,224.29,220.47,222.54,38155100,0.0,0.0,AMZN,0.66,3.82
2025-07-10,221.55,222.79,219.7,222.26,30370600,0.0,0.0,AMZN,0.32,3.09
2025-07-11,223.58,226.68,222.37,225.02,50518300,0.0,0.0,AMZN,0.64,4.31
2025-07-14,225.07,226.66,224.24,225.69,35702600,0.0,0.0,AMZN,0.28,2.42
2025-07-15,226.2,227.27,225.46,226.35,34907300,0.0,0.0,AMZN,0.07,1.81
2025-07-16,225.88,226.1,222.18,223.19,39535900,0.0,0.0,AMZN,-1.19,3.92
2025-07-17,223.32,224.5,222.51,223.88,31855800,0.0,0.0,AMZN,0.25,1.99
2025-07-18,225.14,226.4,222.98,226.13,37833800,0.0,0.0,AMZN,0.44,3.42
2025-07-21,225.84,229.69,225.65,229.3,40297600,0.0,0.0,AMZN,1.53,4.04
2025-07-22,229.68,230.0,226.35,227.47,37483700,0.0,0.0,AMZN,-0.96,3.65
2025-07-23,228.47,228.79,227.09,228.29,28294900,0.0,0.0,AMZN,-0.08,1.7
2025-07-24,229.17,236.0,228.64,232.23,42902300,0.0,0.0,AMZN,1.34,7.36
2025-07-25,232.22,232.48,231.18,231.44,28712100,0.0,0.0,AMZN,-0.34,1.3
2025-07-28,233.35,234.29,232.25,232.79,26300100,0.0,0.0,AMZN,-0.24,2.04
2025-07-29,234.15,234.72,230.31,231.01,33716200,0.0,0.0,AMZN,-1.34,4.41
2025-07-30,231.64,231.8,229.29,230.19,32993300,0.0,0.0,AMZN,-0.63,2.51
2025-07-31,235.77,236.53,231.4,234.11,104357300,0.0,0.0,AMZN,-0.7,5.13
2025-08-01,217.21,220.44,212.8,214.75,122258800,0.0,0.0,AMZN,-1.13,7.64
2025-08-04,217.4,217.44,211.42,211.65,77890100,0.0,0.0,AMZN,-2.64,6.02
2025-08-05,213.05,216.3,212.87,213.75,51505100,0.0,0.0,AMZN,0.33,3.43
2025-08-06,214.7,222.65,213.74,222.31,54823000,0.0,0.0,AMZN,3.54,8.91
2025-08-07,221.0,226.22,220.82,223.13,40603500,0.0,0.0,AMZN,0.96,5.4
2025-08-08,223.14,223.8,221.88,222.69,32970500,0.0,0.0,AMZN,-0.2,1.92
2025-08-11,221.78,223.05,220.4,221.3,31646200,0.0,0.0,AMZN,-0.22,2.65
2025-08-12,222.23,223.5,219.05,221.47,37185800,0.0,0.0,AMZN,-0.34,4.45
2025-08-13,222.0,224.92,222.0,224.56,36508300,0.0,0.0,AMZN,1.15,2.92
2025-08-14,227.4,233.11,227.02,230.98,61545800,0.0,0.0,AMZN,1.57,6.09
2025-08-15,232.58,234.08,229.81,231.03,39649200,0.0,0.0,AMZN,-0.67,4.27
2025-08-18,230.23,231.91,228.33,231.49,25248900,0.0,0.0,AMZN,0.55,3.58
2025-08-19,230.09,230.53,227.12,228.01,29891000,0.0,0.0,AMZN,-0.9,3.41
2025-08-20,227.12,227.27,220.92,223.81,36604300,0.0,0.0,AMZN,-1.46,6.35
2025-08-21,222.65,222.78,220.5,221.95,32140500,0.0,0.0,AMZN,-0.31,2.28
2025-08-22,222.79,229.14,220.82,228.84,37315300,0.0,0.0,AMZN,2.72,8.32
2025-08-25,227.35,229.6,227.31,227.94,22633700,0.0,0.0,AMZN,0.26,2.29
2025-08-26,227.11,229.0,226.02,228.71,26105400,0.0,0.0,AMZN,0.7,2.98
2025-08-27,228.57,229.87,227.81,229.12,21254500,0.0,0.0,AMZN,0.24,2.06
2025-08-28,229.01,232.71,228.02,231.6,33679600,0.0,0.0,AMZN,1.13,4.69
2025-08-29,231.32,231.81,228.16,229.0,26199200,0.0,0.0,AMZN,-1.0,3.65
2025-09-02,223.52,226.17,221.83,225.34,38843900,0.0,0.0,AMZN,0.81,4.34
2025-09-03,225.21,227.17,224.36,225.99,29223100,0.0,0.0,AMZN,0.35,2.81
2025-09-04,231.19,235.77,230.78,235.68,59391800,0.0,0.0,AMZN,1.94,4.99
2025-09-05,235.19,236.0,231.93,232.33,36721800,0.0,0.0,AMZN,-1.22,4.07
2025-09-08,234.94,237.6,233.75,235.84,33947100,0.0,0.0,AMZN,0.38,3.85
2025-09-09,236.36,238.85,235.08,238.24,27033800,0.0,0.0,AMZN,0.8,3.77
2025-09-10,237.52,237.68,229.1,230.33,60907700,0.0,0.0,AMZN,-3.03,8.58
2025-09-11,231.49,231.53,229.34,229.95,37485600,0.0,0.0,AMZN,-0.67,2.19
2025-09-12,230.35,230.79,226.29,228.15,38496200,0.0,0.0,AMZN,-0.96,4.5
2025-09-15,230.63,233.73,230.32,231.43,33243300,0.0,0.0,AMZN,0.35,3.41
2025-09-16,232.94,235.9,232.23,234.05,38203900,0.0,0.0,AMZN,0.48,3.67
2025-09-17,233.77,234.3,228.71,231.62,42815200,0.0,0.0,AMZN,-0.92,5.59
2025-09-18,232.5,233.48,228.79,231.23,37931700,0.0,0.0,AMZN,-0.55,4.69
2025-09-19,232.37,234.16,229.7,231.48,97943200,0.0,0.0,AMZN,-0.38,4.46
2025-09-22,230.56,230.57,227.51,227.63,45914500,0.0,0.0,AMZN,-1.27,3.06
2025-09-23,227.83,227.86,220.07,220.71,70956200,0.0,0.0,AMZN,-3.13,7.79
2025-09-24,224.15,224.56,219.45,220.21,49509000,0.0,0.0,AMZN,-1.76,5.11
2025-09-25,220.06,220.67,216.47,218.15,52226300,0.0,0.0,AMZN,-0.87,4.2
2025-09-26,219.08,221.05,218.02,219.78,41650100,0.0,0.0,AMZN,0.32,3.03
2025-09-29,220.08,222.6,219.3,222.17,44259200,0.0,0.0,AMZN,0.95,3.3
2025-09-30,222.03,222.24,217.89,219.57,48396400,0.0,0.0,AMZN,-1.11,4.35
2025-10-01,217.36,222.15,216.61,220.63,43933800,0.0,0.0,AMZN,1.5,5.54
2025-10-02,221.01,222.81,218.95,222.41,41258600,0.0,0.0,AMZN,0.63,3.86
2025-10-03,223.44,224.2,219.34,219.51,43639000,0.0,0.0,AMZN,-1.76,4.86
2025-10-06,221.0,221.73,216.03,220.9,43690900,0.0,0.0,AMZN,-0.05,5.7
2025-10-07,220.88,222.89,220.17,221.78,31194700,0.0,0.0,AMZN,0.41,2.72
2025-10-08,222.92,226.73,221.19,225.22,46686000,0.0,0.0,AMZN,1.03,5.54
2025-10-09,225.0,228.21,221.75,227.74,46412100,0.0,0.0,AMZN,1.22,6.46
2025-10-10,226.21,228.25,216.0,216.37,72367500,0.0,0.0,AMZN,-4.35,12.25
2025-10-13,217.7,220.68,217.04,220.07,37809700,0.0,0.0,AMZN,1.09,3.64
2025-10-14,215.56,219.32,212.6,216.39,45665600,0.0,0.0,AMZN,0.39,6.72
2025-10-15,216.62,217.71,212.66,215.57,45909500,0.0,0.0,AMZN,-0.48,5.05
2025-10-16,215.67,218.59,212.81,214.47,42414600,0.0,0.0,AMZN,-0.56,5.78
2025-10-17,214.56,214.8,211.03,213.04,45986900,0.0,0.0,AMZN,-0.71,3.77
2025-10-20,213.88,216.69,213.59,216.48,38882800,0.0,0.0,AMZN,1.22,3.1
2025-10-21,218.43,223.32,217.99,222.03,50494600,0.0,0.0,AMZN,1.65,5.33
2025-10-22,219.3,220.01,216.52,217.95,44308500,0.0,0.0,AMZN,-0.62,3.49
2025-10-23,219.0,221.3,218.18,221.09,31540000,0.0,0.0,AMZN,0.95,3.12
2025-10-24,221.97,225.4,221.9,224.21,38685100,0.0,0.0,AMZN,1.01,3.5
2025-10-27,227.66,228.4,225.54,226.97,38267000,0.0,0.0,AMZN,-0.3,2.86
2025-10-28,228.22,231.49,226.21,229.25,47100000,0.0,0.0,AMZN,0.45,5.28
2025-10-29,231.67,232.82,227.76,230.3,52036200,0.0,0.0,AMZN,-0.59,5.06
2025-10-30,227.06,228.44,222.75,222.86,102252900,0.0,0.0,AMZN,-1.85,5.69
2025-10-31,250.1,250.5,243.98,244.22,166340800,0.0,0.0,AMZN,-2.35,6.52
2025-11-03,255.36,258.6,252.9,254.0,95997800,0.0,0.0,AMZN,-0.53,5.7
2025-11-04,250.38,257.01,248.66,249.32,51546300,0.0,0.0,AMZN,-0.42,8.35
2025-11-05,249.03,251.0,246.16,250.2,40610700,0.0,0.0,AMZN,0.47,4.84
2025-11-06,249.16,250.38,242.17,243.04,46004200,0.0,0.0,AMZN,-2.46,8.21
2025-11-07,242.9,244.9,238.49,244.41,46374300,0.0,0.0,AMZN,0.62,6.41
2025-11-10,248.34,251.75,245.59,248.4,36476500,0.0,0.0,AMZN,0.02,6.16
2025-11-11,248.41,249.75,247.23,249.1,23564100,0.0,0.0,AMZN,0.28,2.52
2025-11-12,250.24,250.37,243.75,244.2,31190100,0.0,0.0,AMZN,-2.41,6.62
2025-11-13,243.05,243.75,236.5,237.58,41401700,0.0,0.0,AMZN,-2.25,7.25
2025-11-14,235.06,238.73,232.89,234.69,38956700,0.0,0.0,AMZN,-0.16,5.84
2025-11-17,233.25,234.6,229.19,232.87,59919000,0.0,0.0,AMZN,-0.16,5.41
2025-11-18,228.1,230.2,222.42,222.55,60608400,0.0,0.0,AMZN,-2.43,7.78
2025-11-19,223.74,223.74,218.52,222.69,58335600,0.0,0.0,AMZN,-0.47,5.22
2025-11-20,227.05,227.41,216.74,217.14,50309000,0.0,0.0,AMZN,-4.36,10.67
2025-11-21,216.35,222.21,215.18,220.69,68490500,0.0,0.0,AMZN,2.01,7.03
2025-11-24,222.56,227.33,222.27,226.28,54318400,0.0,0.0,AMZN,1.67,5.06
2025-11-25,226.38,230.52,223.8,229.67,39379300,0.0,0.0,AMZN,1.45,6.72
2025-11-26,230.74,231.75,228.77,229.16,38497900,0.0,0.0,AMZN,-0.68,2.98
2025-11-28,231.24,233.29,230.22,233.22,20292300,0.0,0.0,AMZN,0.86,3.07
2025-12-01,233.22,235.8,232.25,233.88,42904000,0.0,0.0,AMZN,0.28,3.55
2025-12-02,235.01,238.97,233.55,234.42,45785400,0.0,0.0,AMZN,-0.25,5.42
2025-12-03,233.35,233.38,230.61,232.38,35495100,0.0,0.0,AMZN,-0.42,2.77
2025-12-04,232.77,233.5,226.8,229.11,45683200,0.0,0.0,AMZN,-1.57,6.7
2025-12-05,230.32,231.24,228.55,229.53,33117400,0.0,0.0,AMZN,-0.34,2.69
2025-12-08,229.59,230.83,226.27,226.89,35019200,0.0,0.0,AMZN,-1.18,4.56
2025-12-09,226.84,228.57,225.11,227.92,25841700,0.0,0.0,AMZN,0.48,3.46
2025-12-10,228.81,232.42,228.46,231.78,38790700,0.0,0.0,AMZN,1.3,3.96
2025-12-11,230.71,232.11,228.69,230.28,28249600,0.0,0.0,AMZN,-0.19,3.42
2025-12-12,229.87,230.08,225.12,226.19,35639100,0.0,0.0,AMZN,-1.6,4.96
2025-12-15,227.93,227.93,221.5,222.54,47286100,0.0,0.0,AMZN,-2.36,6.43
2025-12-16,223.04,223.66,221.13,222.56,39298900,0.0,0.0,AMZN,-0.22,2.53
2025-12-17,224.66,225.19,220.99,221.27,44034400,0.0,0.0,AMZN,-1.51,4.2
2025-12-18,225.71,229.23,224.41,226.76,50272400,0.0,0.0,AMZN,0.47,4.82
2025-12-19,226.76,229.13,225.58,227.35,85544400,0.0,0.0,AMZN,0.26,3.55
2025-12-22,228.61,229.48,226.71,228.43,32261300,0.0,0.0,AMZN,-0.08,2.77
2025-12-23,229.06,232.45,228.73,232.14,29230200,0.0,0.0,AMZN,1.34,3.72
2025-12-24,232.13,232.95,231.33,232.38,11420500,0.0,0.0,AMZN,0.11,1.62
2025-12-26,232.04,232.99,231.18,232.52,15994700,0.0,0.0,AMZN,0.21,1.81
2025-12-29,231.94,232.6,230.77,232.07,19797900,0.0,0.0,AMZN,0.06,1.83
2025-12-30,231.21,232.77,230.2,232.53,21910500,0.0,0.0,AMZN,0.57,2.57
2025-12-31,232.91,232.99,230.12,230.82,24383700,0.0,0.0,AMZN,-0.9,2.87
2026-01-02,231.34,235.46,224.7,226.5,51456200,0.0,0.0,AMZN,-2.09,10.76
2026-01-05,228.84,234.0,227.18,233.06,49733300,0.0,0.0,AMZN,1.84,6.82
2026-01-06,232.1,243.18,232.07,240.93,53764700,0.0,0.0,AMZN,3.8,11.11
2026-01-07,239.61,245.29,239.52,241.56,42236500,0.0,0.0,AMZN,0.81,5.77
2026-01-08,243.06,246.41,241.88,246.29,39509800,0.0,0.0,AMZN,1.33,4.53
2026-01-09,244.57,247.86,242.24,247.38,34560000,0.0,0.0,AMZN,1.15,5.62
2026-01-12,246.73,248.94,245.96,246.47,35867800,0.0,0.0,AMZN,-0.11,2.98
2026-01-13,246.53,247.66,240.25,242.6,38371800,0.0,0.0,AMZN,-1.59,7.41
2026-01-14,241.15,241.28,236.22,236.65,41410600,0.0,0.0,AMZN,-1.87,5.06
2026-01-15,239.31,240.65,236.63,238.18,43003600,0.0,0.0,AMZN,-0.47,4.02
2026-01-16,239.09,239.57,236.41,239.12,45888300,0.0,0.0,AMZN,0.01,3.16
2026-01-20,233.76,235.09,229.34,231.0,47737900,0.0,0.0,AMZN,-1.18,5.75
2026-01-21,231.09,232.3,226.88,231.31,47276100,0.0,0.0,AMZN,0.1,5.42
2026-01-22,234.05,235.72,230.9,234.34,31913300,0.0,0.0,AMZN,0.12,4.82
2026-01-23,234.96,240.45,234.57,239.16,33778500,0.0,0.0,AMZN,1.79,5.88
2026-01-26,239.98,240.95,237.54,238.42,32825500,0.0,0.0,AMZN,-0.65,3.41
2026-01-27,239.69,244.88,238.08,244.68,38029200,0.0,0.0,AMZN,2.08,6.8
2026-01-28,246.37,247.78,241.53,243.01,40882700,0.0,0.0,AMZN,-1.36,6.25
2026-01-29,242.82,243.0,236.74,241.73,47229600,0.0,0.0,AMZN,-0.45,6.26
2026-01-30,239.89,243.32,237.64,239.3,46585000,0.0,0.0,AMZN,-0.25,5.68
2026-02-02,238.31,245.63,238.17,242.96,37546100,0.0,0.0,AMZN,1.95,7.46
2026-02-03,244.98,246.35,235.45,238.62,53831300,0.0,0.0,AMZN,-2.6,10.9
2026-02-04,238.86,238.86,231.82,232.99,51299900,0.0,0.0,AMZN,-2.46,7.04
2026-02-05,224.91,226.31,220.38,222.69,103509200,0.0,0.0,AMZN,-0.99,5.93
2026-02-06,202.7,211.44,200.31,210.32,179210900,0.0,0.0,AMZN,3.76,11.13
2026-02-09,208.97,212.81,203.35,208.72,91178400,0.0,0.0,AMZN,-0.12,9.46
2026-02-10,208.8,212.65,206.41,206.96,67175000,0.0,0.0,AMZN,-0.88,6.24
2026-02-11,208.06,208.57,202.49,204.08,65545500,0.0,0.0,AMZN,-1.91,6.08
2026-02-12,203.96,203.96,197.56,199.6,83975400,0.0,0.0,AMZN,-2.14,6.4
2026-02-13,198.88,201.16,197.28,198.79,66321600,0.0,0.0,AMZN,-0.05,3.88
2026-02-17,198.13,201.74,196.0,201.15,69879200,0.0,0.0,AMZN,1.52,5.74
2026-02-18,202.07,206.86,201.51,204.79,51003300,0.0,0.0,AMZN,1.35,5.35
2026-02-19,203.8,205.64,202.81,204.86,35669600,0.0,0.0,AMZN,0.52,2.83
2026-02-20,204.76,211.17,203.75,210.11,65881600,0.0,0.0,AMZN,2.61,7.42
2026-02-23,208.1,208.43,203.11,205.27,53581500,0.0,0.0,AMZN,-1.36,5.32
2026-02-24,205.47,210.36,203.25,208.56,41137200,0.0,0.0,AMZN,1.5,7.11
2026-02-25,210.46,211.59,208.93,210.64,41346400,0.0,0.0,AMZN,0.09,2.66
2026-02-26,210.73,211.05,205.35,207.92,47756800,0.0,0.0,AMZN,-1.33,5.7
2026-02-27,206.83,210.33,205.2,210.0,57422800,0.0,0.0,AMZN,1.53,5.13
2026-03-02,204.55,209.73,203.46,208.39,46001000,0.0,0.0,AMZN,1.88,6.27
2026-03-03,203.1,209.18,202.48,208.73,43184900,0.0,0.0,AMZN,2.77,6.7
2026-03-04,210.47,217.54,210.15,216.82,54731100,0.0,0.0,AMZN,3.02,7.39
2026-03-05,215.98,220.47,215.59,218.94,60943400,0.0,0.0,AMZN,1.37,4.88
2026-03-06,214.99,217.32,212.53,213.21,51152700,0.0,0.0,AMZN,-0.83,4.79
2026-03-09,210.45,213.82,207.11,213.49,54642900,0.0,0.0,AMZN,1.44,6.71
2026-03-10,214.19,215.65,212.43,214.33,35678800,0.0,0.0,AMZN,0.07,3.22
2026-03-11,215.71,217.0,211.35,212.65,34199300,0.0,0.0,AMZN,-1.42,5.65
2026-03-12,210.39,211.71,208.15,209.53,44349500,0.0,0.0,AMZN,-0.41,3.56
2026-03-13,209.61,210.56,206.22,207.67,35662100,0.0,0.0,AMZN,-0.93,4.34
2026-03-16,208.35,212.72,207.45,211.74,42209300,0.0,0.0,AMZN,1.63,5.27
2026-03-17,212.82,215.7,212.43,215.2,44969900,0.0,0.0,AMZN,1.12,3.27
2026-03-18,213.93,215.14,208.83,209.87,37846600,0.0,0.0,AMZN,-1.9,6.31
2026-03-19,207.06,209.12,206.05,208.76,36440600,0.0,0.0,AMZN,0.82,3.07
2026-03-20,207.4,207.54,204.32,205.37,63694600,0.0,0.0,AMZN,-0.98,3.22
2026-03-23,209.79,212.8,209.51,210.14,44277400,0.0,0.0,AMZN,0.17,3.29
2026-03-24,207.95,209.35,206.64,207.24,35351400,0.0,0.0,AMZN,-0.34,2.71
2026-03-25,211.56,213.07,209.9,211.71,36388800,0.0,0.0,AMZN,0.07,3.17
2026-03-26,210.61,212.89,207.12,207.54,46746000,0.0,0.0,AMZN,-1.46,5.77
2026-03-27,206.46,206.6,199.14,199.34,56009800,0.0,0.0,AMZN,-3.45,7.46
2026-03-30,201.48,203.8,199.98,200.95,46373800,0.0,0.0,AMZN,-0.26,3.82
2026-03-31,204.85,210.28,204.14,208.27,58470100,0.0,0.0,AMZN,1.67,6.14
2026-04-01,210.44,213.58,208.19,210.57,45955400,0.0,0.0,AMZN,0.06,5.39
2026-04-02,206.54,212.21,204.9,209.77,31453000,0.0,0.0,AMZN,1.56,7.31
2026-04-06,209.8,212.95,209.59,212.79,25385500,0.0,0.0,AMZN,1.43,3.36
2026-04-07,211.24,213.97,209.08,213.77,28154600,0.0,0.0,AMZN,1.2,4.89
2026-04-08,223.79,226.1,219.62,221.25,51092700,0.0,0.0,AMZN,-1.13,6.48
2026-04-09,225.23,233.8,223.27,233.65,65964200,0.0,0.0,AMZN,3.74,10.53
2026-04-10,235.3,240.43,235.21,238.38,56912800,0.0,0.0,AMZN,1.31,5.22
2026-04-13,237.45,240.0,235.75,239.89,42166200,0.0,0.0,AMZN,1.03,4.25
2026-04-14,241.78,252.18,241.78,249.02,72685000,0.0,0.0,AMZN,2.99,10.4
2026-04-15,249.25,250.44,247.2,248.5,43045200,0.0,0.0,AMZN,-0.3,3.24
2026-04-16,248.51,250.0,244.2,249.7,41895700,0.0,0.0,AMZN,0.48,5.8
2026-04-17,254.99,256.18,250.11,250.56,52029300,0.0,0.0,AMZN,-1.74,6.07
2026-04-20,249.19,250.18,245.37,248.28,39463100,0.0,0.0,AMZN,-0.37,4.81
2026-04-21,255.09,255.09,249.1,249.91,42922400,0.0,0.0,AMZN,-2.03,5.99
2026-04-22,252.44,255.94,250.33,255.36,36065100,0.0,0.0,AMZN,1.16,5.61
2026-04-23,255.39,258.79,253.07,255.08,39091400,0.0,0.0,AMZN,-0.12,5.72
2026-04-24,259.98,264.5,257.69,263.99,53777400,0.0,0.0,AMZN,1.54,6.81
2026-04-27,263.46,264.15,260.34,261.12,44906800,0.0,0.0,AMZN,-0.89,3.81
2026-04-28,258.39,261.03,256.63,259.7,42204400,0.0,0.0,AMZN,0.51,4.4
2026-04-29,258.21,265.91,257.7,262.61,46406370,0.0,0.0,AMZN,1.7,8.21
